date,away,home,offensive_first_downs,offensive_third_down_conversions,offensive_third_down_opportunities,offensive_fourth_down_conversions,offensive_fourth_down_conversion_attempts,offensive_passing_completions,offensive_passing_attempts,offensive_passing_yards,offensive_rushing_attempts,offensive_rushing_yards,offensive_total_yards,offensive_sacks_taken,offensive_yards_lost_from_sacks,offensive_fumbles,offensive_interceptions,offensive_turnovers,offensive_penalties,offensive_penalty_yards,offensive_redzone_conversions,offensive_redzone_drives,team_def_st_td,offensive_drives,team_offensive_time_of_possession,defensive_first_downs_allowed,defensive_third_down_conversions_allowed,defensive_third_down_opportunities,defensive_fourth_down_conversions_allowed,defensive_fourth_down_conversion_attempts,defensive_passing_completions,defensive_passing_attempts,defensive_passing_yards_allowed,defensive_rushing_attempts,defensive_rushing_yards_allowed,defensive_total_yards_allowed,defensive_sacks,defensive_sack_yards,defensive_fumbles_forced,defensive_int_forced,defensive_turnovers_forced,opposing_team_team_penalties,opposing_team_penalty_yards,defensive_redzone_conversions,defensive_redzone_opportunities,opposing_team_def_st_td,opposing_team_drives,opposing_team_possession,points_scored,points_allowed,game_result
2002-09-08,Colts,Jaguars,18,9,14,0,0,19,31,203,28,104,307,1,8,2,0,2,2,14,0,6,2,17,27.45,19,8,16,3,3,22,36,225,32,118,343,1,3,1,1,2,5,40,0,8,0,16,32.55,28,25,0
2002-09-15,Dolphins,Colts,29,4,11,1,2,26,45,289,31,143,432,0,0,0,3,3,5,35,0,5,0,13,31.216666666666665,17,5,10,0,0,13,18,179,34,163,342,1,8,0,1,1,11,68,0,5,0,13,28.783333333333335,21,13,0
2002-09-22,Colts,Texans,16,6,13,0,0,21,28,251,27,88,339,3,21,2,0,2,4,45,0,5,0,13,31.183333333333337,10,3,13,0,0,12,22,78,30,126,204,4,21,1,1,2,9,67,0,6,0,17,28.816666666666663,23,3,0
2002-10-06,Bengals,Colts,19,6,14,0,0,21,34,224,25,87,311,0,0,0,1,1,5,71,0,7,0,15,29.25,23,2,11,2,3,31,43,237,24,173,410,1,7,1,3,4,6,63,0,6,0,16,30.75,21,28,1
2002-10-13,Ravens,Colts,19,3,13,0,0,30,40,257,19,60,317,5,27,0,1,1,9,70,0,6,0,16,31.016666666666666,15,4,13,1,1,15,28,139,26,105,244,3,24,2,1,3,5,52,0,7,0,19,28.983333333333334,20,22,1
2002-10-21,Colts,Steelers,23,8,16,2,2,32,48,295,21,72,367,2,9,0,3,3,7,55,0,4,0,14,30.883333333333333,22,3,7,0,1,15,23,182,33,182,364,1,6,0,1,1,4,38,0,7,0,11,29.116666666666667,10,28,1
2002-10-27,Colts,Commanders,18,6,11,0,0,21,32,195,19,63,258,3,19,1,2,3,6,40,0,7,0,16,26.45,23,8,16,1,2,17,36,205,37,165,370,1,5,1,0,1,5,30,0,6,0,14,33.55,21,26,1
2002-11-03,Titans,Colts,25,4,13,2,4,37,50,298,19,80,378,3,29,2,1,3,6,48,0,7,0,15,28.316666666666663,13,3,10,0,0,14,19,77,31,121,198,1,5,0,0,0,5,45,0,5,2,13,31.683333333333337,23,15,0
2002-11-10,Colts,Eagles,18,7,13,0,0,18,23,319,35,127,446,0,0,1,0,1,3,25,0,5,0,15,30.633333333333333,21,4,14,1,4,27,48,269,22,105,374,2,12,2,0,2,3,25,0,10,0,18,29.366666666666667,35,13,0
2002-11-17,Cowboys,Colts,20,6,17,1,1,29,38,252,34,110,362,0,0,0,1,1,7,35,0,6,0,12,40.05,11,1,10,0,0,11,23,94,18,84,178,5,37,2,0,2,4,30,0,5,0,15,19.95,3,20,1
2002-11-24,Colts,Broncos,26,15,21,1,1,27,44,216,39,128,344,2,13,2,1,3,4,31,0,5,0,14,43.75,15,5,9,0,1,15,24,172,22,113,285,2,13,0,2,2,9,58,0,5,0,13,21.883333333333333,23,20,0
2002-12-01,Texans,Colts,13,4,15,0,0,15,28,190,32,88,278,0,0,1,0,1,9,75,0,4,0,17,32.13333333333333,10,2,15,0,1,20,35,100,20,65,165,6,37,2,0,2,14,92,0,5,0,19,27.866666666666667,3,19,1
2002-12-08,Colts,Titans,22,9,14,2,2,26,42,297,24,92,389,1,0,0,3,3,6,48,0,7,0,14,27.233333333333334,18,8,12,0,0,19,23,229,33,119,348,1,8,1,0,1,4,19,0,6,0,11,32.766666666666666,17,27,1
2002-12-15,Colts,Browns,20,6,15,2,2,20,34,274,33,143,417,1,3,1,1,2,5,44,0,5,0,18,29.15,18,4,16,2,3,21,35,253,28,96,349,4,34,0,0,0,7,39,0,7,0,17,30.85,28,23,0
2002-12-22,Giants,Colts,20,4,14,1,2,30,46,349,19,50,399,2,16,0,2,2,7,59,0,9,0,22,27.4,24,8,13,0,1,23,29,366,36,103,469,0,0,3,0,3,5,33,0,8,0,17,32.6,44,27,0
2002-12-29,Jaguars,Colts,18,5,13,1,1,20,28,146,29,126,272,0,0,1,0,1,6,35,0,7,0,11,30.516666666666666,20,6,13,0,1,13,26,112,33,154,266,3,23,1,0,1,6,47,0,6,0,13,29.483333333333334,13,20,1
2003-09-07,Colts,Browns,18,7,12,0,0,27,43,204,15,67,271,1,7,0,2,2,9,53,0,1,0,1,27.35,18,4,11,0,0,20,29,182,26,98,280,0,0,0,2,2,9,64,0,0,0,1,32.65,9,6,0
2003-09-14,Titans,Colts,20,3,12,1,1,14,21,164,34,127,291,1,9,0,0,0,6,38,0,4,2,12,30.833333333333332,14,4,13,1,2,22,34,183,19,53,236,5,26,1,1,2,10,99,0,6,0,19,29.166666666666668,7,33,1
2003-09-21,Jaguars,Colts,17,7,14,0,0,21,33,216,30,73,289,0,0,0,1,1,4,20,0,5,0,14,36.2,15,5,13,0,0,16,28,114,25,152,266,2,8,1,0,1,7,38,0,8,0,15,23.8,13,23,1
2003-09-28,Colts,Saints,20,7,11,0,0,21,27,318,28,100,418,1,9,0,0,0,2,20,0,6,2,17,31.933333333333337,20,6,12,0,1,21,36,208,25,155,363,2,20,2,2,4,5,50,0,10,0,20,28.066666666666663,55,21,0
2003-10-06,Colts,Buccaneers,24,5,15,2,2,34,47,381,22,74,455,1,5,1,1,2,11,80,0,7,0,17,32.8,25,6,14,0,0,26,39,318,33,139,457,0,0,0,1,1,11,111,0,5,4,18,38.416666666666664,38,35,0
2003-10-12,Panthers,Colts,20,3,12,1,1,23,34,293,27,76,369,0,0,2,1,3,4,30,0,6,0,16,27.783333333333335,17,5,15,0,0,12,20,152,41,189,341,3,29,1,1,2,9,70,0,7,0,18,37.86666666666667,23,20,0
2003-10-26,Texans,Colts,23,5,11,0,0,22,30,269,27,122,391,0,0,1,0,1,3,13,0,8,0,13,29.466666666666665,18,4,10,1,1,20,26,139,28,131,270,2,11,1,1,2,7,52,0,8,0,17,30.533333333333335,21,30,1
2003-11-02,Colts,Dolphins,23,7,18,0,1,23,37,241,35,115,356,4,25,1,1,2,5,35,0,5,0,16,37.666666666666664,12,1,10,0,0,18,29,192,14,47,239,5,39,2,0,2,5,44,0,6,0,16,22.333333333333332,23,17,0
2003-11-09,Colts,Jaguars,20,6,15,1,1,28,45,347,21,47,394,0,0,0,2,2,7,38,0,6,0,15,28.35,20,9,14,0,1,12,24,179,38,174,353,0,0,1,1,2,7,47,0,8,0,17,31.65,23,28,1
2003-11-16,Jets,Colts,30,7,14,2,3,27,36,393,40,145,538,1,8,0,0,0,4,30,0,10,0,16,38.86666666666667,12,1,7,0,0,11,14,192,17,132,324,3,27,0,0,0,8,56,0,6,1,17,21.133333333333333,31,38,1
2003-11-23,Colts,Bills,21,9,17,1,1,26,42,223,30,103,326,1,6,1,0,1,6,49,0,6,0,13,32.016666666666666,16,3,13,3,3,15,28,118,27,110,228,2,17,0,1,1,6,42,0,4,0,14,27.983333333333334,17,14,0
2003-11-30,Patriots,Colts,26,5,16,2,3,29,48,272,29,98,370,2,6,1,1,2,4,31,0,9,0,17,32.016666666666666,21,6,11,0,0,26,35,226,23,56,282,2,10,1,2,3,6,52,0,9,1,19,27.983333333333334,38,34,0
2003-12-07,Colts,Titans,21,5,14,1,1,22,34,224,34,116,340,2,4,0,0,0,6,57,0,10,0,17,33.9,23,6,10,0,0,22,38,234,19,93,327,1,1,4,0,4,10,67,0,8,0,18,26.1,29,27,0
2003-12-14,Falcons,Colts,27,6,12,0,1,26,31,287,31,178,465,2,12,2,0,2,9,63,0,6,0,13,33.46666666666667,12,1,11,1,2,9,25,29,26,125,154,4,37,1,1,2,6,80,0,7,0,19,26.533333333333335,7,38,1
2003-12-21,Broncos,Colts,11,2,9,0,1,12,23,136,12,47,183,2,10,0,0,0,6,45,0,6,2,15,15.033333333333331,26,9,13,0,1,14,17,238,54,227,465,0,0,0,1,1,11,93,0,9,0,12,44.96666666666667,31,17,0
2003-12-28,Colts,Texans,27,7,15,0,1,26,38,211,38,207,418,1,9,1,1,2,6,60,0,6,0,15,35.53333333333333,10,2,11,0,0,13,23,105,22,99,204,0,0,0,1,1,6,40,0,6,0,15,24.466666666666665,20,17,0
2004-09-09,Colts,Patriots,28,8,13,1,1,16,29,244,42,202,446,1,12,2,1,3,3,20,0,9,0,14,31.683333333333337,22,6,11,0,0,26,38,320,17,82,402,2,15,1,1,2,8,55,0,7,0,15,28.316666666666663,24,27,1
2004-09-19,Colts,Titans,27,4,9,0,0,24,33,244,23,129,373,1,10,1,0,1,2,21,0,6,0,13,25.083333333333332,25,6,13,0,3,26,40,236,30,153,389,3,41,1,1,2,8,71,0,8,0,15,34.916666666666664,31,17,0
2004-09-26,Packers,Colts,26,3,8,0,0,28,40,393,24,60,453,0,0,0,0,0,9,70,0,6,0,18,28.866666666666667,24,8,15,0,0,34,50,385,19,74,459,1,9,1,1,2,11,84,0,8,0,19,31.133333333333333,31,45,1
2004-10-03,Colts,Jaguars,23,3,8,0,0,20,29,220,27,117,337,0,0,0,1,1,3,26,0,5,0,12,24.45,23,8,15,1,3,29,41,311,31,97,408,1,7,1,0,1,5,28,0,3,0,13,35.55,24,17,0
2004-10-10,Raiders,Colts,25,6,11,0,0,16,26,188,40,150,338,1,10,0,1,1,2,20,0,1,2,1,35.016666666666666,18,4,12,0,2,28,44,216,13,53,269,4,29,0,3,3,9,59,0,0,0,2,24.983333333333334,14,35,1
2004-10-24,Jaguars,Colts,23,6,10,0,0,27,40,359,18,87,446,1,9,2,0,2,12,62,0,7,0,16,25.433333333333337,20,5,11,0,1,23,30,286,27,128,414,3,14,1,1,2,6,48,0,8,0,14,34.56666666666667,27,24,0
2004-10-31,Colts,Chiefs,23,3,10,1,2,25,44,472,12,33,505,0,0,0,1,1,7,40,0,8,0,19,22.45,33,8,15,1,2,27,34,387,42,203,590,1,2,2,0,2,5,46,0,12,0,18,37.55,35,45,1
2004-11-08,Vikings,Colts,26,5,10,1,1,23,29,264,31,144,408,1,4,0,0,0,8,65,0,9,0,12,34.2,15,5,10,1,1,16,19,154,24,138,292,2,15,1,0,1,6,53,0,6,1,14,25.8,28,31,1
2004-11-14,Texans,Colts,17,5,9,0,0,18,27,312,20,86,398,1,8,0,2,2,11,85,0,4,4,15,24.316666666666663,20,8,20,2,3,22,41,170,37,132,302,5,45,1,3,4,8,65,0,9,0,21,35.68333333333333,14,49,1
2004-11-21,Colts,Bears,31,4,10,0,1,17,28,211,39,275,486,0,0,0,1,1,10,91,0,9,0,14,35.61666666666667,14,4,12,0,1,14,24,145,26,79,224,4,30,3,2,5,9,50,0,10,0,19,24.383333333333333,41,10,0
2004-11-25,Colts,Lions,24,4,10,0,1,24,31,243,29,113,356,0,0,0,0,0,5,40,0,5,0,14,31.2,19,5,13,0,1,25,38,218,21,168,386,3,15,4,1,5,10,60,0,6,0,19,28.8,41,9,0
2004-12-05,Titans,Colts,29,3,8,0,0,25,34,417,28,150,567,1,8,1,2,3,7,88,0,6,1,14,26.916666666666668,17,2,14,1,5,21,36,225,25,115,340,7,44,0,2,2,9,105,0,10,0,23,33.083333333333336,24,51,1
2004-12-12,Colts,Texans,22,4,11,0,0,26,33,281,30,101,382,2,17,0,0,0,8,50,0,3,0,12,32.31666666666667,17,4,11,0,1,16,21,125,28,148,273,5,42,1,1,2,6,30,0,2,0,14,27.683333333333337,23,14,0
2004-12-19,Ravens,Colts,17,5,13,0,0,20,33,249,24,67,316,0,0,0,0,0,5,28,0,5,0,14,28.633333333333333,19,4,17,3,5,19,40,194,29,160,354,2,16,0,2,2,7,35,0,6,0,16,31.366666666666667,10,20,1
2004-12-26,Chargers,Colts,30,5,13,1,1,27,44,360,25,104,464,4,23,0,1,1,10,70,0,11,1,17,31.566666666666663,22,8,14,0,0,21,31,281,29,93,374,1,9,0,1,1,7,63,0,7,0,17,31.216666666666665,31,34,1
2005-01-02,Colts,Broncos,8,2,11,0,0,17,27,166,15,34,200,1,8,1,0,1,4,25,0,3,0,19,22.266666666666666,23,6,14,0,0,17,30,239,42,214,453,1,7,0,0,0,2,25,0,5,0,14,37.733333333333334,14,33,1
2005-09-11,Colts,Ravens,19,3,12,0,1,21,36,254,26,86,340,0,0,0,0,0,7,45,0,1,2,12,27.15,22,8,18,1,1,34,54,324,21,77,401,3,31,1,3,4,8,45,0,2,0,13,32.85,24,7,0
2005-09-18,Jaguars,Colts,18,7,16,0,0,13,28,122,38,146,268,0,0,0,1,1,6,45,0,2,0,11,28.666666666666668,12,6,15,0,0,16,29,175,24,128,303,6,23,0,0,0,7,60,0,1,0,11,31.333333333333332,3,10,1
2005-09-25,Browns,Colts,20,4,10,0,0,19,23,228,33,111,339,0,0,0,1,1,3,15,0,4,0,7,31.633333333333333,14,6,14,1,1,22,29,188,23,75,263,4,20,0,0,0,7,62,0,2,0,9,28.366666666666667,6,13,1
2005-10-02,Colts,Titans,22,7,10,0,0,20,27,264,26,100,364,0,0,0,0,0,1,10,0,3,0,8,25.8,18,5,13,3,3,28,37,204,19,109,313,2,16,0,1,1,9,76,0,3,0,8,34.2,31,10,0
2005-10-09,Colts,49ers,22,6,10,1,1,23,31,245,28,120,365,1,10,1,2,3,10,80,0,4,2,9,30.866666666666667,12,3,14,1,1,9,23,44,28,133,177,5,30,1,4,5,7,40,0,1,0,12,29.133333333333333,28,3,0
2005-10-17,Rams,Colts,31,8,12,0,1,22,32,187,38,176,363,2,4,1,0,1,3,15,0,8,0,10,32.9,20,3,7,0,0,23,29,244,21,105,349,1,11,1,3,4,9,50,0,2,0,11,27.1,28,45,1
2005-10-23,Colts,Texans,30,5,7,1,1,21,27,232,34,205,437,2,5,1,1,2,6,35,0,5,2,9,33.31666666666667,13,6,12,1,1,6,9,6,33,133,139,5,42,1,1,2,3,15,0,2,1,9,26.683333333333337,38,20,0
2005-11-07,Colts,Patriots,28,12,17,1,1,28,37,321,38,132,453,0,0,0,1,1,7,32,0,7,0,11,36.68333333333333,17,4,11,2,3,25,40,254,14,34,288,2,31,2,0,2,4,24,0,3,0,10,23.316666666666663,40,21,0
2005-11-13,Texans,Colts,26,4,10,0,0,26,35,293,29,126,419,1,4,2,0,2,6,50,0,3,0,11,32.583333333333336,11,4,13,0,1,16,25,126,24,83,209,3,12,0,0,0,4,35,0,3,0,9,27.416666666666668,17,31,1
2005-11-20,Colts,Bengals,28,8,14,1,1,24,40,359,30,92,451,1,6,0,1,1,4,30,0,6,0,13,32.03333333333333,23,6,13,0,2,25,38,328,26,164,492,1,7,0,1,1,9,85,0,3,0,12,27.966666666666665,45,37,0
2005-11-28,Steelers,Colts,17,5,13,0,0,15,25,239,32,127,366,2,6,0,1,1,12,106,0,3,0,14,30.783333333333335,10,4,13,0,1,17,26,111,25,86,197,3,22,0,2,2,10,62,0,1,0,13,29.216666666666665,7,26,1
2005-12-04,Titans,Colts,21,3,6,1,1,13,17,187,31,105,292,0,0,1,0,1,5,33,0,3,2,11,27.05,17,2,12,1,5,26,39,207,19,53,260,5,43,1,0,1,7,35,0,2,0,9,32.95,3,35,1
2005-12-11,Colts,Jaguars,25,6,14,1,2,24,37,300,34,99,399,3,24,0,0,0,5,47,0,3,0,14,33.96666666666667,18,3,11,1,1,26,35,250,23,74,324,0,0,3,0,3,7,65,0,5,0,12,26.033333333333335,26,18,0
2005-12-18,Chargers,Colts,21,5,13,0,1,26,45,314,15,24,338,4,22,1,2,3,8,67,0,4,0,14,25.466666666666665,18,7,17,1,1,22,33,247,37,206,453,1,8,2,2,4,11,75,0,2,0,14,34.53333333333333,26,17,0
2005-12-24,Colts,Seahawks,20,6,15,2,3,31,43,344,23,43,387,2,9,1,0,1,4,30,0,4,0,11,33.61666666666667,21,1,7,1,1,17,21,159,30,173,332,2,9,0,0,0,5,30,0,4,0,11,26.383333333333333,13,28,1
2006-01-01,Cardinals,Colts,15,2,8,0,0,21,32,207,10,11,218,2,5,0,1,1,7,50,0,2,0,12,23.316666666666663,23,8,17,1,2,31,42,284,31,129,413,3,13,1,1,2,12,98,0,3,0,10,36.68333333333333,13,17,1
2006-09-10,Colts,Giants,22,11,16,0,0,25,41,272,23,55,327,1,4,0,1,1,3,20,2,5,0,11,29.95,23,4,8,0,1,20,34,247,28,186,433,0,0,1,1,2,10,64,2,2,0,9,30.05,26,21,0
2006-09-17,Texans,Colts,34,9,12,0,0,26,38,390,35,125,515,2,10,1,0,1,7,60,4,6,0,12,34.93333333333333,18,4,9,0,0,22,26,191,23,108,299,4,28,2,0,2,8,58,2,2,0,10,25.066666666666663,24,43,1
2006-09-24,Jaguars,Colts,14,6,13,0,0,14,31,209,20,63,272,2,10,0,0,0,4,35,1,1,1,11,20.6,20,9,16,1,1,16,28,106,40,191,297,1,1,0,2,2,4,38,2,3,0,11,39.4,14,21,1
2006-10-01,Colts,Jets,26,7,12,0,0,21,30,192,36,160,352,2,25,0,0,0,10,64,4,5,0,10,28.05,23,7,13,1,2,17,23,186,37,135,321,3,21,2,1,3,5,47,3,4,1,11,31.95,31,28,0
2006-10-08,Titans,Colts,20,5,12,0,0,20,31,166,34,154,320,0,0,1,1,2,5,45,2,3,0,10,33.916666666666664,15,2,10,0,0,10,21,63,31,214,277,0,0,0,1,1,6,36,1,2,0,11,26.083333333333332,13,14,1
2006-10-22,Commanders,Colts,25,5,10,0,0,25,35,342,25,110,452,0,0,0,0,0,3,27,3,5,0,10,29.1,19,6,14,2,2,27,37,211,24,114,325,2,15,0,0,0,10,91,2,4,1,10,30.9,22,36,1
2006-10-29,Colts,Broncos,23,7,11,0,0,32,39,345,21,92,437,0,0,0,0,0,5,55,3,5,0,10,28.95,24,7,11,0,0,13,21,169,36,227,396,1,5,1,0,1,3,24,4,4,0,8,31.05,34,31,0
2006-11-05,Colts,Patriots,24,5,10,0,0,20,36,301,25,53,354,3,25,1,1,2,7,68,3,6,0,11,29.433333333333337,24,7,13,2,2,20,35,201,33,148,349,0,0,1,4,5,8,81,2,4,0,10,30.566666666666663,27,20,0
2006-11-12,Bills,Colts,26,3,8,0,0,27,39,236,29,148,384,0,0,2,0,2,6,54,2,3,0,10,33.8,10,5,14,1,1,8,12,51,31,111,162,4,32,0,0,0,5,40,0,3,2,9,26.2,16,17,1
2006-11-19,Colts,Cowboys,22,7,13,0,1,20,39,247,23,88,335,2,7,2,2,4,5,35,1,3,0,10,26.3,24,4,11,1,1,19,23,225,36,117,342,1,1,1,1,2,7,53,2,2,2,11,33.7,14,21,1
2006-11-26,Eagles,Colts,27,7,10,0,0,14,20,183,41,237,420,0,0,0,1,1,4,30,5,5,2,12,30.3,20,5,10,1,1,23,29,151,25,149,300,2,10,2,1,3,3,15,3,4,0,10,29.7,21,45,1
2006-12-03,Colts,Titans,20,7,12,0,0,21,28,351,29,100,451,0,0,0,2,2,8,59,1,2,0,9,30.916666666666668,21,8,13,0,0,15,25,163,35,219,382,0,0,0,2,2,5,34,1,3,0,10,29.083333333333332,17,20,1
2006-12-10,Colts,Jaguars,23,7,16,0,2,25,50,305,20,34,339,2,8,0,1,1,7,71,2,2,0,13,28.383333333333333,23,2,9,0,1,8,14,72,42,375,447,1,7,0,1,1,3,31,2,4,1,14,31.616666666666667,17,44,1
2006-12-18,Bengals,Colts,27,5,10,0,1,29,36,282,29,112,394,1,0,1,0,1,5,35,4,5,0,9,33.06666666666667,20,2,11,1,1,14,28,145,30,133,278,4,31,1,0,1,2,10,1,4,0,10,26.933333333333337,16,34,1
2006-12-24,Colts,Texans,19,6,8,0,0,21,27,205,18,114,319,0,0,1,0,1,2,15,2,3,0,7,24.016666666666666,22,10,14,1,1,16,23,163,42,191,354,0,0,0,0,0,4,25,3,3,0,8,35.983333333333334,24,27,1
2006-12-31,Dolphins,Colts,24,8,14,0,0,22,37,282,31,117,399,0,0,1,0,1,5,45,2,3,0,11,30.8,19,8,15,0,0,18,36,204,26,150,354,2,6,0,1,1,3,20,1,4,0,10,29.2,22,27,1
2007-09-06,Saints,Colts,20,4,11,0,0,18,30,288,29,164,452,0,0,1,0,1,6,30,0,0,2,2,28.25,18,6,15,1,1,28,41,187,26,106,293,1,5,1,2,3,4,20,0,0,2,1,31.75,10,41,1
2007-09-16,Colts,Titans,23,5,12,0,0,28,42,300,22,81,381,2,12,0,1,1,5,44,1,5,0,12,29.766666666666666,19,7,14,0,2,17,27,172,34,141,313,3,12,2,0,2,4,40,2,4,0,10,30.233333333333334,22,20,0
2007-09-23,Colts,Texans,18,8,14,0,0,20,29,270,29,92,362,1,3,0,0,0,5,30,3,6,0,12,30.966666666666665,16,5,11,1,1,27,33,214,17,40,254,3,22,0,2,2,2,15,2,4,1,9,29.033333333333335,30,24,0
2007-09-30,Broncos,Colts,30,6,10,0,0,20,27,193,37,226,419,0,0,0,0,0,2,10,5,6,0,9,30.8,22,6,10,0,0,13,21,131,36,223,354,1,0,1,1,2,4,32,2,4,0,9,29.2,20,38,1
2007-10-07,Buccaneers,Colts,28,12,16,1,1,29,37,253,40,147,400,0,0,0,1,1,2,15,4,6,0,10,38.25,12,4,9,0,0,21,27,160,12,17,177,1,5,0,1,1,3,21,2,2,0,8,21.75,14,33,1
2007-10-22,Colts,Jaguars,24,7,14,1,1,23,37,243,33,141,384,2,16,0,1,1,4,27,2,4,0,11,34.11666666666667,18,5,13,2,6,17,36,109,27,117,226,3,19,1,2,3,2,20,1,2,0,9,25.883333333333333,29,7,0
2007-10-28,Colts,Panthers,23,6,12,0,1,15,32,264,32,131,395,0,0,1,0,1,5,27,3,5,0,12,23.916666666666668,20,10,21,2,2,28,45,185,33,108,293,0,0,2,1,3,8,55,1,1,0,11,36.083333333333336,31,7,0
2007-11-04,Patriots,Colts,23,5,12,0,0,16,27,210,31,119,329,3,15,1,1,2,4,25,1,3,0,10,30.266666666666666,21,7,12,0,0,21,32,237,28,105,342,2,18,0,2,2,10,146,3,4,0,11,29.733333333333334,24,20,0
2007-11-11,Colts,Chargers,25,10,19,1,1,34,56,311,26,75,386,2,17,0,6,6,4,21,2,4,2,13,36.2,11,3,11,1,1,13,24,86,24,91,177,2,18,1,2,3,10,78,2,4,2,12,23.8,21,23,1
2007-11-18,Chiefs,Colts,16,4,15,1,1,16,32,150,27,66,216,2,13,0,1,1,2,10,1,4,0,11,27.616666666666667,11,6,15,0,0,19,27,162,27,72,234,2,7,2,0,2,5,33,1,1,0,12,32.38333333333333,10,13,1
2007-11-22,Colts,Falcons,26,2,9,1,1,22,32,247,27,118,365,4,25,0,1,1,6,55,4,6,0,11,29.4,13,5,15,2,3,14,30,138,30,112,250,2,17,0,2,2,5,41,0,2,0,11,30.6,31,13,0
2007-12-02,Jaguars,Colts,19,10,13,0,0,20,29,279,25,63,342,1,9,0,1,1,2,15,3,4,0,8,24.25,27,6,10,1,1,24,29,243,31,168,411,3,14,1,1,2,8,64,3,5,0,8,35.75,25,28,1
2007-12-09,Colts,Ravens,16,5,10,0,0,16,22,275,27,59,334,0,0,0,0,0,7,82,3,3,0,12,26.85,19,6,13,2,4,22,30,145,32,98,243,4,20,2,3,5,2,15,2,4,1,12,33.15,44,20,0
2007-12-16,Colts,Raiders,20,5,13,0,2,22,39,264,20,58,322,3,12,0,1,1,3,30,1,4,1,10,26.233333333333334,18,7,16,1,3,15,29,104,39,149,253,0,0,0,0,0,6,47,2,3,0,10,33.766666666666666,21,14,0
2007-12-23,Texans,Colts,33,6,11,1,1,31,40,338,31,120,458,1,2,1,0,1,5,40,5,6,0,11,35.75,18,3,8,1,1,22,36,233,19,66,299,0,0,0,3,3,6,55,2,3,0,10,24.25,15,38,1
2007-12-30,Titans,Colts,13,5,12,0,1,25,40,148,10,46,194,2,15,1,0,1,5,54,1,2,0,10,24.466666666666665,25,8,15,0,0,24,31,258,39,98,356,1,5,2,0,2,6,40,1,3,0,10,35.53333333333333,16,10,0
2008-09-07,Bears,Colts,23,5,11,0,2,30,49,240,15,53,293,2,17,1,0,1,6,40,1,3,0,9,28.266666666666666,17,10,16,0,0,13,21,136,39,183,319,2,14,0,0,0,7,60,1,2,2,12,31.733333333333334,29,13,0
2008-09-14,Colts,Vikings,17,6,15,0,0,26,42,296,19,25,321,2,15,0,2,2,5,45,2,3,0,14,27.433333333333337,16,2,13,0,0,14,24,120,36,179,299,2,10,1,0,1,2,5,0,2,0,14,32.56666666666667,18,15,0
2008-09-21,Jaguars,Colts,19,5,9,1,1,15,29,211,19,114,325,1,5,0,2,2,6,37,3,3,0,8,18.416666666666668,25,8,14,0,1,16,22,167,48,236,403,0,0,0,1,1,5,44,1,4,2,10,41.583333333333336,23,21,0
2008-10-05,Colts,Texans,18,3,12,3,3,25,34,235,22,79,314,2,12,0,1,1,6,31,3,3,2,11,28.65,23,6,13,0,0,21,33,235,32,156,391,2,11,2,1,3,1,5,3,4,0,11,31.35,31,27,0
2008-10-12,Ravens,Colts,17,7,14,0,0,19,28,258,30,76,334,2,13,0,0,0,11,84,2,3,0,12,32.06666666666667,16,3,11,1,1,28,38,209,19,51,260,4,32,2,3,5,4,33,0,3,0,12,27.933333333333337,3,31,1
2008-10-19,Colts,Packers,21,5,15,3,3,21,42,229,23,73,302,0,0,0,2,2,12,110,2,3,0,10,26.233333333333334,24,5,12,1,1,21,28,186,35,116,302,0,0,0,0,0,9,70,2,5,4,10,33.766666666666666,14,34,1
2008-10-27,Colts,Titans,19,6,13,0,2,26,41,223,22,94,317,0,0,0,2,2,5,35,3,3,0,10,25.766666666666666,23,7,13,0,0,24,37,193,31,88,281,0,0,0,0,0,4,40,2,4,0,11,34.233333333333334,21,31,1
2008-11-02,Patriots,Colts,18,6,10,0,0,21,29,254,21,47,301,0,0,0,0,0,1,0,2,2,0,7,25.6,22,8,14,0,1,26,35,202,32,140,342,0,0,1,1,2,2,20,1,4,0,7,34.4,15,18,1
2008-11-09,Colts,Steelers,17,9,16,0,0,21,40,228,19,62,290,2,12,0,0,0,6,45,2,3,0,10,25.916666666666668,18,10,18,0,1,29,41,267,27,59,326,2,13,0,3,3,3,20,2,3,0,11,34.083333333333336,24,20,0
2008-11-16,Texans,Colts,30,10,15,0,0,30,46,320,34,154,474,0,0,0,0,0,6,45,2,4,0,10,34.25,16,4,8,0,0,13,18,179,25,177,356,2,13,0,1,1,3,23,2,4,0,8,25.75,27,33,1
2008-11-23,Colts,Chargers,19,10,17,2,2,32,44,250,23,91,341,1,5,0,1,1,3,15,2,3,0,10,31.666666666666668,21,6,12,0,0,24,31,274,25,120,394,2,14,1,0,1,5,37,1,3,0,9,28.333333333333332,23,20,0
2008-11-30,Colts,Browns,14,5,10,0,1,15,21,125,29,90,215,0,0,1,2,3,2,10,0,2,2,9,27.766666666666666,13,11,20,0,1,16,29,92,32,101,193,3,18,1,1,2,4,25,0,3,0,9,32.233333333333334,10,6,0
2008-12-07,Bengals,Colts,20,4,8,1,1,26,32,277,20,57,334,0,0,1,0,1,3,21,4,5,2,8,27.116666666666667,17,6,14,0,0,22,32,170,24,82,252,5,30,1,3,4,3,23,0,1,0,10,32.88333333333333,3,35,1
2008-12-14,Lions,Colts,28,6,12,1,1,28,37,315,29,106,421,1,3,2,0,2,5,31,4,5,0,9,32.68333333333333,18,4,10,0,0,23,34,233,22,90,323,0,0,2,0,2,6,48,1,2,0,9,27.316666666666663,21,31,1
2008-12-18,Colts,Jaguars,20,6,10,0,0,29,34,364,18,32,396,0,0,0,0,0,6,50,2,3,2,7,28.116666666666667,28,7,13,1,1,28,41,304,27,105,409,3,25,0,1,1,7,60,2,3,0,10,31.883333333333333,31,24,0
2008-12-28,Titans,Colts,21,8,14,0,0,29,37,269,27,121,390,1,4,0,0,0,3,20,1,3,1,9,38.333333333333336,8,3,10,0,0,11,17,42,18,83,125,3,20,0,0,0,3,30,0,0,0,7,21.666666666666668,0,23,1
2009-09-13,Jaguars,Colts,21,8,14,0,2,28,38,294,31,71,365,1,7,1,1,2,3,17,1,2,0,11,33.93333333333333,12,6,15,1,2,14,28,114,26,114,228,1,8,0,0,0,3,24,1,2,0,10,26.066666666666663,12,14,1
2009-09-21,Colts,Dolphins,14,3,7,0,0,14,23,295,11,61,356,1,8,0,0,0,4,20,1,1,0,9,14.883333333333333,27,15,21,1,1,22,33,164,49,239,403,2,19,0,1,1,4,20,2,2,0,9,45.11666666666667,27,23,0
2009-09-27,Colts,Cardinals,22,3,11,1,2,24,35,379,31,126,505,0,0,0,1,1,7,69,2,5,0,13,31.7,21,4,14,1,2,32,54,299,12,24,323,4,40,1,2,3,5,35,1,4,0,13,28.3,31,10,0
2009-10-04,Seahawks,Colts,24,8,13,0,0,31,41,353,22,78,431,0,0,0,1,1,7,48,4,6,0,10,28.9,20,6,15,1,1,33,45,230,19,49,279,5,27,2,0,2,6,45,2,3,0,11,31.1,17,34,1
2009-10-11,Colts,Titans,23,8,14,1,1,36,44,309,23,58,367,0,0,1,1,2,7,48,3,4,0,10,33.63333333333333,12,5,14,0,1,19,35,155,21,90,245,1,9,1,1,2,9,89,0,0,0,11,26.366666666666667,31,9,0
2009-10-25,Colts,Rams,24,8,12,0,0,23,34,235,26,156,391,0,0,0,0,0,6,51,3,3,2,10,30.65,14,4,13,0,2,14,26,117,30,155,272,3,23,0,2,2,5,73,0,2,0,11,29.35,42,6,0
2009-11-01,49ers,Colts,20,8,19,1,1,32,49,349,21,61,410,3,20,0,0,0,5,38,1,5,0,14,33.56666666666667,16,2,10,0,0,19,32,182,18,113,295,4,16,1,1,2,7,50,1,1,0,12,26.433333333333337,14,18,1
2009-11-08,Texans,Colts,27,6,12,0,1,34,51,306,18,72,378,2,12,0,2,2,4,40,2,4,0,10,25.45,22,10,16,1,1,32,43,301,26,81,382,2,10,1,2,3,13,103,2,3,0,12,34.55,17,20,1
2009-11-15,Patriots,Colts,25,5,12,0,0,28,44,316,18,91,407,1,11,0,2,2,3,20,3,3,0,14,24.966666666666665,24,7,14,0,1,29,42,364,28,113,477,2,11,1,1,2,4,72,3,6,0,15,35.03333333333333,34,35,1
2009-11-22,Colts,Ravens,20,5,9,0,0,22,31,299,25,76,375,0,0,1,2,3,5,40,2,4,0,9,27.4,20,5,13,0,0,23,35,256,31,98,354,0,0,1,1,2,2,20,0,4,0,10,32.6,17,15,0
2009-11-29,Colts,Texans,28,2,6,1,1,27,35,228,23,114,342,2,16,0,2,2,3,25,3,4,2,10,28.133333333333333,27,4,8,0,0,31,42,274,24,122,396,2,10,1,2,3,10,129,3,5,0,11,31.866666666666667,35,27,0
2009-12-06,Titans,Colts,23,9,14,0,0,24,37,270,27,88,358,0,0,0,0,0,5,40,3,4,0,11,27.016666666666666,24,8,15,0,3,24,43,233,33,142,375,1,8,1,1,2,4,50,2,5,0,10,32.983333333333334,17,27,1
2009-12-13,Broncos,Colts,21,9,16,1,1,20,42,220,28,92,312,0,0,0,3,3,4,20,4,4,0,13,28.55,20,6,17,0,3,29,41,262,30,95,357,3,15,0,1,1,7,65,2,4,0,13,31.45,16,28,1
2009-12-17,Colts,Jaguars,18,8,12,0,0,23,30,308,23,61,369,0,0,0,1,1,5,40,2,2,1,12,24.566666666666663,25,10,16,1,1,23,40,206,34,139,345,2,17,0,1,1,4,22,4,4,0,12,35.43333333333333,35,31,0
2009-12-27,Jets,Colts,18,2,11,0,1,18,32,222,23,64,286,2,14,1,1,2,3,15,3,4,0,12,26.9,17,7,16,0,1,12,19,91,44,202,293,2,15,0,0,0,5,52,1,2,3,12,33.1,29,15,0
2010-01-03,Colts,Bills,11,3,11,0,1,18,35,132,16,25,157,1,2,1,2,3,3,15,1,1,0,12,22.433333333333337,19,5,14,0,0,16,25,155,42,248,403,0,0,0,0,0,4,40,1,4,0,12,37.56666666666667,7,30,1
2010-09-12,Colts,Texans,25,4,12,1,1,40,57,419,10,44,463,2,14,1,0,1,5,73,2,3,0,11,29.116666666666667,23,6,11,1,1,9,17,98,42,257,355,2,9,0,1,1,7,50,2,3,0,11,30.883333333333333,24,34,1
2010-09-19,Giants,Colts,24,4,11,0,0,20,26,250,43,160,410,1,5,1,0,1,6,55,3,4,2,12,35.1,13,3,11,0,1,13,24,137,25,120,257,4,24,2,1,3,3,25,0,0,0,13,24.9,14,38,1
2010-09-26,Colts,Broncos,18,6,14,0,0,27,43,325,22,40,365,0,0,0,0,0,4,27,2,3,0,11,30.133333333333333,23,5,15,1,4,37,57,472,18,47,519,1,4,1,1,2,6,60,0,5,0,11,29.866666666666667,27,13,0
2010-10-03,Colts,Jaguars,28,7,10,1,1,33,46,348,19,58,406,1,4,1,1,2,3,35,4,5,0,9,30.233333333333334,20,9,13,0,0,17,22,163,35,174,337,0,0,0,0,0,7,45,3,3,0,10,29.766666666666666,28,31,1
2010-10-10,Chiefs,Colts,23,8,17,0,1,26,44,244,31,97,341,1,0,0,1,1,5,45,1,3,0,10,34.416666666666664,16,1,10,1,2,16,29,148,27,113,261,1,8,1,0,1,4,38,0,2,0,11,25.583333333333332,9,19,1
2010-10-17,Colts,Commanders,22,3,10,0,0,25,38,299,29,170,469,1,8,3,0,3,3,15,2,3,0,14,27.5,23,4,13,0,1,29,45,222,24,113,335,3,24,0,2,2,7,53,3,4,0,14,32.5,27,24,0
2010-11-01,Texans,Colts,24,7,15,1,1,26,45,259,28,107,366,1,9,0,0,0,9,69,2,4,2,11,36.416666666666664,19,3,11,0,1,22,38,183,18,108,291,3,18,1,1,2,5,30,1,2,0,11,23.583333333333332,17,30,1
2010-11-07,Colts,Eagles,27,6,14,0,1,31,51,276,19,62,338,3,18,0,2,2,7,59,3,4,0,12,28.166666666666668,19,7,15,0,0,17,29,207,31,195,402,3,11,0,0,0,14,125,2,5,0,11,31.833333333333332,24,26,1
2010-11-14,Bengals,Colts,16,5,14,0,0,20,36,180,22,76,256,2,5,0,0,0,5,45,1,3,2,12,25.816666666666663,19,5,13,1,1,31,42,269,20,72,341,3,23,2,3,5,4,38,2,3,0,13,34.18333333333333,17,23,1
2010-11-21,Colts,Patriots,28,11,14,0,0,38,52,396,20,71,467,0,0,0,3,3,6,48,4,4,0,9,29.35,22,7,11,0,0,19,25,178,34,168,346,1,8,0,0,0,1,15,2,3,0,10,30.65,28,31,1
2010-11-28,Chargers,Colts,16,3,12,1,2,31,48,279,13,24,303,1,6,1,4,5,1,15,2,2,0,12,24.366666666666667,18,0,8,0,0,19,23,172,34,129,301,2,13,0,0,0,4,40,1,5,4,11,35.63333333333333,36,14,0
2010-12-05,Cowboys,Colts,24,6,11,0,0,36,48,365,17,40,405,0,0,0,4,4,3,28,3,3,1,12,27.083333333333332,24,8,15,0,0,18,26,151,46,217,368,2,16,0,0,0,5,35,1,2,4,11,40.0,38,35,0
2010-12-09,Colts,Titans,21,8,15,1,1,25,35,312,32,87,399,1,7,0,0,0,7,60,3,5,0,10,32.516666666666666,22,5,11,1,2,28,39,244,25,121,365,0,0,2,0,2,5,29,4,4,0,11,27.483333333333334,30,28,0
2010-12-19,Jaguars,Colts,19,5,13,0,0,29,39,221,24,155,376,1,8,0,0,0,6,68,1,3,1,11,29.633333333333333,20,5,13,2,3,24,38,289,22,67,356,1,5,1,1,2,6,55,2,3,1,12,30.366666666666667,24,34,1
2010-12-26,Colts,Raiders,27,4,11,0,0,16,30,179,39,191,370,0,0,0,2,2,4,42,4,6,0,14,29.983333333333334,16,4,15,0,1,29,42,210,20,80,290,3,21,0,0,0,10,116,1,2,1,15,30.016666666666666,31,26,0
2011-01-02,Titans,Colts,24,4,11,0,0,27,41,257,25,101,358,1,7,1,0,1,5,25,1,1,0,12,28.716666666666665,17,6,15,1,1,28,39,290,24,51,341,1,10,1,0,1,7,58,1,2,0,11,31.283333333333335,20,23,1
2011-09-11,Colts,Texans,15,1,9,0,1,16,31,172,16,64,236,3,25,2,0,2,6,60,1,3,0,12,23.266666666666666,26,5,11,0,0,17,24,217,41,167,384,1,3,1,2,3,4,30,3,6,1,11,36.733333333333334,7,34,1
2011-09-18,Browns,Colts,19,4,14,0,0,19,38,176,26,109,285,2,15,1,1,2,4,21,1,3,0,12,25.433333333333337,18,8,16,1,1,22,32,197,34,106,303,1,14,1,0,1,3,49,2,4,0,12,34.56666666666667,27,19,0
2011-09-25,Steelers,Colts,14,7,16,0,0,18,40,144,21,97,241,1,9,1,0,1,3,21,1,3,2,12,26.033333333333335,19,8,15,0,0,25,37,341,28,67,408,3,23,2,1,3,4,38,0,2,2,12,33.96666666666667,23,20,0
2011-10-03,Colts,Buccaneers,13,4,13,0,0,13,30,256,18,62,318,4,25,1,0,1,6,50,0,1,0,11,21.0,25,7,17,2,2,25,39,274,36,192,466,2,13,0,0,0,14,106,2,3,0,13,39.0,17,24,1
2011-10-09,Chiefs,Colts,15,5,12,0,1,15,27,277,27,78,355,0,0,0,0,0,4,40,2,2,0,11,26.883333333333333,26,8,14,0,0,21,29,242,38,194,436,2,15,0,0,0,5,39,3,3,0,11,33.11666666666667,28,24,0
2011-10-16,Colts,Bengals,18,6,12,0,0,23,34,179,23,94,273,1,9,2,1,3,2,11,2,2,0,10,26.4,17,6,14,0,0,25,32,264,31,94,358,0,0,0,0,0,11,111,2,4,2,12,33.6,17,27,1
2011-10-23,Colts,Saints,11,4,11,0,0,12,22,97,23,155,252,1,5,2,1,3,7,49,1,1,0,11,21.683333333333337,36,6,8,0,0,31,35,321,38,236,557,2,4,0,0,0,1,10,7,8,2,11,38.31666666666667,7,62,1
2011-10-30,Colts,Titans,22,6,17,0,2,26,49,241,26,158,399,2,9,0,2,2,10,66,1,4,0,14,28.533333333333335,17,7,17,0,0,23,33,215,31,96,311,1,9,0,0,0,3,40,2,2,1,13,31.466666666666665,10,27,1
2011-11-06,Falcons,Colts,10,4,14,0,0,17,33,103,21,83,186,2,15,1,1,2,6,32,0,0,2,12,22.233333333333334,21,6,14,0,0,14,24,269,41,163,432,1,6,0,1,1,1,10,2,3,0,14,37.766666666666666,31,7,0
2011-11-13,Jaguars,Colts,13,4,15,0,1,20,29,128,23,84,212,5,33,1,2,3,6,40,0,2,0,12,24.65,18,6,15,0,0,14,21,110,41,141,251,2,8,0,1,1,5,55,2,3,0,12,35.35,17,3,0
2011-11-27,Panthers,Colts,17,1,9,1,1,15,29,218,23,105,323,2,8,0,2,2,2,15,2,4,0,11,23.716666666666665,22,6,12,0,0,20,27,176,35,201,377,3,32,1,0,1,6,92,2,2,0,12,36.28333333333333,27,19,0
2011-12-04,Colts,Patriots,26,10,15,0,0,30,37,338,31,99,437,2,15,1,1,2,5,29,2,3,0,11,35.65,24,6,11,0,0,29,38,289,24,73,362,1,0,0,0,0,3,20,4,5,0,11,24.35,24,31,1
2011-12-11,Colts,Ravens,12,2,14,3,4,17,37,117,16,50,167,4,19,0,1,1,3,15,1,3,0,12,23.866666666666667,24,7,13,0,1,23,31,212,37,146,358,2,15,1,1,2,5,40,3,4,0,11,36.13333333333333,10,24,1
2011-12-18,Titans,Colts,10,3,12,0,0,11,17,82,34,205,287,0,0,1,0,1,4,25,1,1,2,14,28.05,21,6,16,0,1,38,56,322,19,66,388,1,9,1,2,3,7,70,1,3,0,14,31.95,13,27,1
2011-12-22,Texans,Colts,24,7,17,0,0,23,41,225,32,95,320,3,19,1,0,1,4,35,1,5,0,12,32.916666666666664,14,1,10,0,0,13,16,112,31,171,283,4,20,1,0,1,11,84,1,3,0,13,27.083333333333332,16,19,1
2012-01-01,Colts,Jaguars,19,6,14,0,1,27,40,242,22,56,298,3,22,1,2,3,4,40,1,2,0,10,29.2,15,5,13,0,1,11,19,71,35,190,261,3,21,1,0,1,1,10,0,4,0,10,30.8,13,19,1
2012-09-09,Colts,Bears,22,2,10,2,2,23,45,293,15,63,356,3,16,2,3,5,3,19,0,0,2,12,24.533333333333335,26,4,12,0,0,21,35,314,33,114,428,2,19,0,1,1,7,48,0,0,0,15,35.46666666666667,21,41,1
2012-09-16,Vikings,Colts,17,7,16,0,0,20,31,194,30,84,278,2,30,0,0,0,7,51,0,0,0,10,29.633333333333333,19,7,15,1,1,27,35,232,26,95,327,4,13,1,0,1,11,105,0,0,0,11,30.366666666666667,20,23,1
2012-09-23,Jaguars,Colts,23,10,19,0,0,22,46,313,29,124,437,0,0,0,1,1,11,106,0,0,0,12,32.4,15,4,13,0,0,10,21,148,32,185,333,1,7,0,0,0,6,67,0,0,0,12,27.6,22,17,0
2012-10-07,Packers,Colts,28,8,20,0,1,31,55,345,30,119,464,4,17,0,1,1,9,100,0,0,0,15,35.266666666666666,21,4,13,0,0,20,32,207,24,149,356,5,28,0,1,1,9,89,0,0,0,16,24.733333333333334,27,30,1
2012-10-14,Colts,Jets,21,3,11,0,0,22,44,257,17,41,298,4,23,2,2,4,3,27,0,0,0,12,26.333333333333332,22,6,12,1,1,12,19,99,44,252,351,1,6,0,0,0,8,110,0,0,0,12,33.666666666666664,9,35,1
2012-10-21,Browns,Colts,21,6,15,1,1,16,29,173,37,148,321,3,13,1,0,1,7,50,0,0,0,9,35.35,19,6,13,0,1,25,41,264,17,55,319,0,0,0,0,0,9,75,0,0,0,10,24.65,13,17,1
2012-10-28,Colts,Titans,30,6,12,1,1,26,38,286,34,171,457,2,11,0,1,1,5,45,0,0,0,9,33.93333333333333,20,5,11,0,0,22,29,227,25,112,339,2,9,0,0,0,8,65,0,0,0,7,30.883333333333333,19,13,0
2012-11-04,Dolphins,Colts,27,13,19,0,0,30,48,419,26,97,516,1,14,0,0,0,11,91,0,0,0,10,34.9,20,4,11,0,1,22,38,281,18,84,365,2,9,0,0,0,8,79,0,0,0,10,25.1,20,23,1
2012-11-08,Colts,Jaguars,24,3,11,1,1,18,26,221,37,138,359,2,6,1,1,2,6,40,0,0,2,11,35.766666666666666,20,1,10,1,2,28,47,300,12,37,337,4,30,1,2,3,10,115,0,0,0,11,24.233333333333334,27,10,0
2012-11-18,Colts,Patriots,28,8,14,0,0,27,50,329,24,119,448,1,5,1,3,4,1,5,0,0,0,13,32.916666666666664,25,8,12,0,0,24,35,331,25,115,446,0,0,0,0,0,4,70,0,0,5,10,27.083333333333332,24,59,1
2012-11-25,Bills,Colts,22,8,16,0,0,20,37,225,29,87,312,4,15,1,1,2,6,37,0,0,1,12,31.633333333333333,16,4,13,0,0,17,33,169,23,135,304,2,11,0,1,1,4,46,0,0,0,10,28.366666666666667,13,20,1
2012-12-02,Colts,Lions,23,4,15,2,2,24,54,372,18,87,459,2,19,0,3,3,4,36,0,0,0,17,22.366666666666667,21,6,17,0,0,27,46,313,29,138,451,0,0,0,1,1,8,61,0,0,0,16,37.63333333333333,35,33,0
2012-12-09,Titans,Colts,20,4,12,0,0,16,34,171,30,98,269,4,25,0,2,2,6,43,0,0,2,11,31.383333333333333,17,4,11,0,0,22,35,259,24,97,356,1,3,0,2,2,9,70,0,0,2,10,28.616666666666667,23,27,1
2012-12-16,Colts,Texans,19,1,8,0,0,13,27,148,25,124,272,5,38,1,0,1,8,79,0,0,0,11,26.9,23,5,13,0,0,23,31,239,32,178,417,3,22,0,0,0,9,69,0,0,1,10,33.1,17,29,1
2012-12-23,Colts,Chiefs,16,6,16,0,0,17,36,198,26,90,288,3,7,0,0,0,4,48,0,0,2,11,27.666666666666668,22,2,10,0,1,10,22,155,44,352,507,1,7,1,2,3,9,75,0,0,0,12,32.333333333333336,20,13,0
2012-12-30,Texans,Colts,19,9,15,0,0,14,28,184,33,81,265,1,7,0,0,0,3,24,0,0,1,10,31.15,19,5,11,0,0,24,36,250,20,102,352,4,25,0,2,2,9,64,0,0,0,10,28.85,16,28,1
2013-09-08,Raiders,Colts,18,6,10,0,1,18,23,147,26,127,274,4,31,0,0,0,3,31,2,2,0,8,27.216666666666665,20,7,13,1,1,19,29,201,33,171,372,1,16,0,2,2,8,51,2,3,0,8,32.78333333333333,17,21,1
2013-09-15,Dolphins,Colts,23,7,15,0,1,25,43,315,26,133,448,3,6,0,1,1,3,13,2,4,0,11,30.566666666666663,21,6,14,0,1,23,34,297,27,101,398,5,22,1,0,1,0,0,3,3,0,13,29.433333333333337,24,20,0
2013-09-22,Colts,49ers,23,5,12,0,0,17,26,152,40,184,336,1,7,0,0,0,1,10,3,4,0,11,36.416666666666664,14,3,12,1,1,13,27,139,23,115,254,3,11,1,1,2,6,48,1,1,0,11,23.583333333333332,27,7,0
2013-09-29,Colts,Jaguars,26,6,13,0,0,23,38,280,30,157,437,2,14,0,1,1,7,58,2,5,2,11,36.63333333333333,14,2,11,0,1,17,32,165,18,40,205,4,14,0,3,3,9,65,0,1,0,12,23.366666666666667,37,3,0
2013-10-06,Seahawks,Colts,20,7,12,0,0,16,29,208,29,109,317,2,21,2,0,2,3,35,2,2,1,10,28.633333333333333,21,2,12,1,3,15,31,205,34,218,423,2,5,1,1,2,7,85,1,2,0,11,31.366666666666667,28,34,1
2013-10-14,Colts,Chargers,12,2,10,0,0,18,30,193,17,74,267,1,9,0,1,1,5,28,0,1,0,10,21.483333333333334,24,7,14,0,0,22,33,227,37,147,374,2,10,0,0,0,5,25,0,3,0,9,38.516666666666666,9,19,1
2013-10-20,Broncos,Colts,19,5,17,0,0,21,38,213,31,121,334,2,15,1,0,1,6,52,3,4,0,18,31.783333333333335,23,5,16,1,1,29,49,365,20,64,429,4,21,2,1,3,12,103,4,6,0,17,28.216666666666665,33,39,1
2013-11-03,Colts,Texans,17,4,13,0,0,18,40,245,14,69,314,4,26,0,0,0,3,15,2,4,0,12,23.8,22,6,14,0,1,20,34,340,33,143,483,1,10,0,0,0,5,86,1,2,0,12,36.2,27,24,0
2013-11-10,Rams,Colts,21,2,12,0,2,31,52,388,14,18,406,3,33,1,4,5,2,20,1,5,0,14,29.366666666666667,12,7,15,0,1,9,16,232,37,140,372,2,15,1,0,1,8,46,1,3,3,13,30.633333333333333,38,8,0
2013-11-14,Colts,Titans,24,6,13,0,0,23,36,229,32,137,366,1,3,0,0,0,5,51,3,4,0,11,32.38333333333333,20,6,11,0,0,22,28,218,24,122,340,2,4,1,0,1,4,34,2,3,0,8,27.616666666666667,30,27,0
2013-11-24,Colts,Cardinals,15,5,13,0,2,20,39,159,15,80,239,1,4,0,1,1,6,89,1,2,0,11,23.183333333333337,27,7,14,0,0,26,38,290,30,120,410,3,24,0,0,0,9,84,2,5,2,11,36.81666666666667,11,40,1
2013-12-01,Titans,Colts,18,3,14,1,1,17,32,160,25,104,264,5,40,0,1,1,7,50,1,2,0,14,26.083333333333332,24,6,15,1,1,21,37,185,36,162,347,1,16,1,3,4,6,74,2,2,0,12,33.916666666666664,14,22,1
2013-12-08,Colts,Bengals,21,2,10,0,0,29,46,326,12,63,389,0,0,0,0,0,6,47,2,2,0,12,22.25,28,6,12,1,1,24,35,275,35,155,430,0,0,0,0,0,7,60,5,5,0,13,37.75,28,42,1
2013-12-15,Texans,Colts,19,5,15,0,1,19,32,179,36,152,331,1,1,0,1,1,4,36,2,3,0,14,33.18333333333333,12,5,15,0,1,18,34,132,25,107,239,4,36,0,2,2,14,114,0,0,0,13,26.816666666666663,3,25,1
2013-12-22,Colts,Chiefs,19,7,18,1,1,26,37,232,34,135,367,1,9,0,0,0,3,31,0,2,0,12,38.333333333333336,18,1,8,1,1,16,28,132,20,155,287,5,21,3,1,4,7,65,0,1,0,11,21.666666666666668,23,7,0
2013-12-29,Jaguars,Colts,23,8,16,1,1,29,41,299,28,80,379,1,8,0,0,0,2,10,3,5,0,13,33.666666666666664,19,3,14,3,5,30,51,308,16,42,350,3,23,1,1,2,5,50,1,2,0,11,26.333333333333332,10,30,1
2014-09-07,Colts,Broncos,24,4,13,2,4,35,53,354,14,54,408,3,16,0,2,2,9,45,2,4,0,12,27.6,24,7,14,0,0,22,36,259,32,102,361,1,10,0,0,0,7,70,3,4,0,12,32.4,24,31,1
2014-09-15,Eagles,Colts,25,4,12,1,1,20,34,172,38,169,341,0,0,1,1,2,4,70,3,4,0,12,36.25,24,5,12,0,0,21,37,331,27,127,458,0,0,0,1,1,11,90,3,6,0,12,23.75,30,27,0
2014-09-21,Colts,Jaguars,27,8,14,0,1,33,43,385,29,144,529,2,5,0,0,0,8,46,4,6,2,11,37.05,18,4,10,0,0,18,31,239,20,105,344,4,17,1,2,3,2,15,1,1,0,12,22.95,44,17,0
2014-09-28,Titans,Colts,31,7,14,0,0,29,41,393,41,105,498,0,0,0,1,1,11,88,4,6,0,14,42.35,16,1,9,0,0,14,28,176,16,85,261,3,18,1,2,3,6,68,2,3,0,12,17.65,17,41,1
2014-10-05,Ravens,Colts,26,7,15,0,1,32,49,305,30,127,432,1,7,2,2,4,6,83,2,5,0,12,38.71666666666667,15,1,11,1,3,22,38,197,15,90,287,4,38,2,1,3,5,36,1,3,0,12,21.283333333333335,13,20,1
2014-10-09,Colts,Texans,27,8,16,0,0,25,44,363,35,93,456,3,7,1,1,2,5,51,3,5,0,13,36.81666666666667,18,1,8,0,1,15,23,196,24,136,332,5,16,2,0,2,5,66,3,3,2,11,23.183333333333337,33,28,0
2014-10-19,Bengals,Colts,27,5,13,0,0,27,42,335,34,171,506,2,9,2,0,2,8,57,2,4,0,13,39.71666666666667,8,1,13,0,1,18,38,103,12,32,135,4,23,0,0,0,4,20,0,1,0,14,20.283333333333335,0,27,1
2014-10-26,Colts,Steelers,26,5,10,0,0,26,45,385,10,63,448,2,15,0,2,2,5,43,1,3,0,13,20.283333333333335,34,8,13,1,1,40,49,522,32,117,639,0,0,2,0,2,10,59,5,6,2,11,39.71666666666667,34,51,1
2014-11-03,Colts,Giants,22,5,15,0,0,25,46,345,24,98,443,1,9,0,0,0,4,30,1,2,0,15,33.05,22,4,16,1,2,27,52,349,20,89,438,3,10,1,0,1,4,30,3,3,0,15,26.95,40,24,0
2014-11-16,Patriots,Colts,17,5,13,1,3,23,39,303,16,19,322,1,0,0,1,1,4,27,2,3,0,10,25.65,33,9,11,0,0,19,30,257,44,246,503,0,0,0,2,2,5,53,5,5,0,11,34.35,42,20,0
2014-11-23,Jaguars,Colts,24,9,17,0,0,21,32,214,35,175,389,5,39,3,0,3,6,54,1,5,0,12,34.083333333333336,11,3,12,0,1,15,27,114,23,80,194,4,32,1,1,2,6,43,0,2,0,12,25.916666666666668,3,23,1
2014-11-30,Commanders,Colts,19,5,8,0,0,19,27,361,21,126,487,1,9,2,1,3,10,94,1,1,1,13,23.916666666666668,24,5,15,0,2,31,47,341,21,84,425,6,51,1,0,1,10,78,2,5,0,14,36.083333333333336,27,49,1
2014-12-07,Colts,Browns,23,5,16,1,1,24,53,269,20,93,362,3,25,2,2,4,6,40,2,3,0,17,28.066666666666663,14,4,15,0,0,13,30,133,32,115,248,1,3,0,2,2,7,85,1,2,4,15,31.933333333333337,25,24,0
2014-12-14,Texans,Colts,20,2,12,0,0,18,34,168,28,110,278,2,19,1,1,2,7,45,1,2,0,14,28.916666666666668,14,5,16,0,3,13,25,152,41,137,289,1,5,1,1,2,8,66,0,0,2,12,31.083333333333332,10,17,1
2014-12-21,Colts,Cowboys,17,5,13,0,1,30,44,228,10,1,229,2,7,1,2,3,8,55,1,2,0,11,24.516666666666666,25,5,10,0,0,19,21,250,40,127,377,1,11,1,0,1,7,67,3,4,0,10,35.483333333333334,7,42,1
2014-12-28,Colts,Titans,16,5,16,1,3,23,35,314,30,64,378,1,1,0,0,0,4,20,3,5,0,13,33.43333333333333,9,4,16,1,3,13,31,50,24,142,192,4,29,1,0,1,4,20,1,2,0,14,26.566666666666663,27,10,0
2015-09-13,Colts,Bills,23,8,15,1,2,26,49,240,17,64,304,2,3,1,2,3,5,49,2,2,0,10,29.066666666666663,15,5,13,0,0,14,19,195,36,147,342,0,0,0,0,0,11,113,1,1,0,11,30.933333333333337,14,27,1
2015-09-21,Jets,Colts,17,6,14,0,0,21,37,250,24,93,343,0,0,2,3,5,11,84,0,2,0,11,28.2,20,4,12,0,0,22,34,243,27,101,344,1,1,0,1,1,8,90,2,3,0,11,31.8,20,7,0
2015-09-27,Colts,Titans,20,4,11,1,1,18,30,245,23,133,378,3,15,0,2,2,11,71,3,3,2,13,25.016666666666666,28,4,13,1,1,27,44,345,27,88,433,3,22,0,2,2,6,55,4,6,0,13,34.983333333333334,35,33,0
2015-10-04,Jaguars,Colts,22,7,15,0,0,30,47,266,24,60,326,3,16,2,0,2,4,45,1,4,0,14,34.233333333333334,21,7,18,0,0,28,50,289,28,142,431,1,9,0,0,0,13,92,1,3,0,13,36.166666666666664,13,16,1
2015-10-08,Colts,Texans,22,3,11,1,1,18,29,213,30,110,323,0,0,0,0,0,7,65,3,4,0,9,27.55,24,8,16,1,1,31,41,362,28,82,444,1,0,0,2,2,13,125,1,3,0,9,32.45,27,20,0
2015-10-18,Patriots,Colts,24,7,16,1,3,30,50,289,22,120,409,3,23,0,0,0,11,103,3,3,2,12,32.53333333333333,22,5,12,1,1,23,37,301,25,116,417,2,11,0,1,1,8,72,2,3,0,13,27.466666666666665,34,27,0
2015-10-25,Saints,Colts,15,3,13,0,0,23,44,301,13,75,376,4,32,1,2,3,7,42,1,2,0,16,21.616666666666667,22,7,20,1,1,29,45,266,36,183,449,2,14,0,1,1,12,100,4,5,0,17,38.38333333333333,27,21,0
2015-11-02,Colts,Panthers,19,6,18,1,1,23,47,223,35,136,359,2,8,1,3,4,2,15,2,4,0,17,36.0,17,4,16,2,2,16,35,239,36,140,379,2,9,2,1,3,6,55,2,3,0,16,33.63333333333333,26,29,1
2015-11-08,Broncos,Colts,27,12,20,0,0,21,36,245,40,120,365,1,7,0,0,0,4,30,3,4,0,11,38.65,16,6,12,0,0,21,36,274,14,35,309,1,7,0,2,2,8,56,1,2,1,10,21.35,24,27,1
2015-11-22,Colts,Falcons,17,7,14,0,0,23,32,202,27,74,276,2,11,1,2,3,7,42,2,3,2,12,32.65,21,8,16,0,1,25,46,275,24,100,375,1,5,1,3,4,6,69,3,4,0,13,27.35,24,21,0
2015-11-29,Buccaneers,Colts,23,7,16,0,0,26,42,309,26,27,336,3,6,0,0,0,6,45,2,4,0,10,32.416666666666664,21,6,13,0,1,20,36,212,21,132,344,5,33,0,1,1,12,95,0,1,0,10,27.583333333333332,12,25,1
2015-12-06,Colts,Steelers,11,3,14,1,3,20,34,186,18,54,240,5,34,1,2,3,5,30,1,6,0,13,27.166666666666668,24,8,13,0,0,24,39,364,32,158,522,0,0,2,0,2,4,48,3,4,1,12,32.833333333333336,10,45,1
2015-12-13,Colts,Jaguars,17,4,16,1,2,20,43,227,23,95,322,3,33,1,1,2,8,85,0,3,2,15,30.8,24,2,9,1,1,16,30,226,29,154,380,3,24,2,0,2,5,40,4,4,3,13,29.2,16,51,1
2015-12-20,Texans,Colts,14,4,13,0,0,18,32,140,19,50,190,3,20,1,1,2,8,94,1,2,0,11,26.066666666666663,20,5,15,2,2,17,28,150,37,155,305,3,23,1,1,2,6,48,1,3,0,12,33.93333333333333,16,10,0
2015-12-27,Colts,Dolphins,20,6,12,0,0,17,29,168,23,100,268,2,9,0,0,0,6,60,1,1,0,10,27.183333333333337,22,6,15,0,1,26,38,279,25,82,361,6,50,0,1,1,9,50,1,5,0,9,32.81666666666667,18,12,0
2016-01-03,Titans,Colts,20,7,17,0,0,21,38,200,32,127,327,1,7,0,1,1,6,71,1,2,2,12,33.28333333333333,14,4,14,1,2,15,27,94,27,137,231,4,43,0,1,1,6,60,3,3,0,13,26.716666666666665,24,30,1
2016-09-11,Lions,Colts,25,9,16,0,0,31,47,368,19,82,450,2,17,0,0,0,5,45,4,4,0,11,29.4,28,5,9,0,0,31,39,332,24,116,448,1,8,0,0,0,8,70,4,4,0,11,30.6,39,35,0
2016-09-18,Colts,Broncos,19,6,14,1,1,21,40,170,21,83,253,5,27,1,1,2,8,94,2,2,0,12,29.316666666666663,24,5,11,0,0,22,33,266,31,134,400,1,0,0,1,1,8,54,1,4,4,9,30.683333333333337,20,34,1
2016-09-25,Chargers,Colts,24,2,9,1,1,24,37,317,26,93,410,2,14,1,1,2,10,66,2,3,0,11,32.71666666666667,17,4,11,0,0,26,39,315,17,37,352,2,11,3,0,3,10,80,1,4,2,10,27.283333333333335,22,26,1
2016-10-02,Colts,Jaguars,23,9,17,0,2,27,42,190,25,94,284,6,44,0,1,1,7,78,2,2,0,11,32.65,23,3,11,1,1,19,33,195,29,136,331,3,12,0,0,0,11,145,2,3,0,11,27.35,27,30,1
2016-10-09,Bears,Colts,20,3,12,1,1,28,39,298,21,98,396,5,24,0,0,0,9,68,1,2,0,11,29.916666666666668,25,2,9,0,1,33,43,397,19,125,522,0,0,1,0,1,10,80,1,3,0,11,30.083333333333332,23,29,1
2016-10-16,Colts,Texans,19,5,14,0,1,21,32,231,32,161,392,3,21,0,1,1,7,42,2,6,0,12,36.55,26,5,11,0,0,25,39,256,28,158,414,1,13,0,1,1,7,59,2,4,0,13,30.283333333333335,23,26,1
2016-10-23,Colts,Titans,26,4,10,0,0,27,39,341,24,81,422,2,12,0,0,0,12,131,2,4,2,11,32.5,26,9,15,0,0,22,37,207,28,124,331,3,25,1,0,1,6,38,3,3,0,10,27.5,34,26,0
2016-10-30,Chiefs,Colts,18,4,13,1,2,19,35,172,21,105,277,6,38,1,1,2,5,45,2,2,0,13,26.4,20,7,16,0,0,25,41,334,27,88,422,3,16,0,0,0,6,40,2,5,0,13,33.6,30,14,0
2016-11-06,Colts,Packers,22,7,14,0,0,23,36,270,28,85,355,2,11,0,2,2,4,35,3,4,1,12,30.05,25,4,12,0,0,26,43,289,19,116,405,3,8,0,1,1,4,25,2,4,0,12,29.95,31,26,0
2016-11-20,Titans,Colts,18,5,12,1,1,15,28,251,28,76,327,2,11,0,1,1,8,70,3,3,0,11,28.983333333333334,20,5,14,1,3,25,38,254,27,97,351,5,36,0,0,0,11,109,1,2,0,10,31.016666666666666,17,24,1
2016-11-24,Steelers,Colts,18,8,15,2,4,23,37,219,23,91,310,3,21,0,2,2,2,10,1,3,0,9,31.75,16,7,11,0,0,14,21,221,29,148,369,0,0,0,0,0,7,67,1,1,0,9,28.25,28,7,0
2016-12-05,Colts,Jets,27,7,13,0,1,23,29,282,40,139,421,1,7,1,0,1,3,28,3,6,0,12,38.4,13,3,11,1,2,16,37,214,14,36,250,1,2,0,3,3,6,90,0,1,0,12,21.6,41,10,0
2016-12-11,Texans,Colts,21,5,12,0,1,24,45,265,15,83,348,1,11,1,2,3,9,59,1,3,0,11,23.916666666666668,20,5,14,0,0,14,24,131,41,185,316,2,16,0,1,1,7,124,1,5,0,11,36.083333333333336,22,17,0
2016-12-18,Colts,Vikings,27,7,13,0,1,21,28,250,40,161,411,0,0,0,0,0,5,55,2,3,0,10,37.03333333333333,20,3,9,0,1,32,42,248,9,34,282,5,43,2,1,3,6,27,0,2,0,10,22.966666666666665,34,6,0
2016-12-24,Colts,Raiders,20,4,8,0,1,19,29,288,24,102,390,0,0,1,2,3,4,22,2,2,0,11,23.916666666666668,27,9,15,0,0,23,34,253,37,210,463,1,8,0,0,0,10,97,3,3,0,11,36.083333333333336,25,33,1
2017-01-01,Jaguars,Colts,24,2,10,1,1,24,41,290,22,94,384,4,31,1,1,2,4,35,3,4,0,13,30.4,23,4,14,0,0,25,39,288,30,182,470,2,13,2,0,2,8,54,1,2,0,13,29.6,20,24,1
2017-09-10,Colts,Rams,10,0,10,0,1,11,21,150,24,75,225,4,29,1,2,3,4,20,1,2,0,15,25.583333333333332,19,5,14,0,0,22,30,310,33,63,373,1,8,1,0,1,7,50,3,4,4,12,34.416666666666664,9,46,1
2017-09-17,Cardinals,Colts,18,8,18,0,0,20,37,190,29,76,266,4,26,0,1,1,8,70,1,2,0,12,33.15,17,6,15,0,1,19,36,306,25,83,389,4,26,0,1,1,6,41,0,3,0,12,28.816666666666663,16,13,0
2017-09-24,Browns,Colts,16,8,17,0,0,17,24,243,36,92,335,3,16,1,0,1,11,99,3,4,0,14,33.45,25,5,13,0,0,22,47,235,21,111,346,1,7,0,3,3,10,113,4,5,0,14,26.55,28,31,1
2017-10-01,Colts,Seahawks,16,6,14,0,0,16,29,139,25,98,237,3,18,1,1,2,5,31,2,2,0,12,27.8,22,10,15,1,1,21,26,283,33,194,477,3,12,0,2,2,6,45,1,2,4,10,32.2,18,46,1
2017-10-08,49ers,Colts,25,8,16,0,0,22,34,288,35,159,447,4,26,0,1,1,7,62,1,4,0,13,37.28333333333333,23,4,14,2,2,29,46,336,22,66,402,2,17,0,0,0,10,77,2,3,0,11,31.083333333333332,23,26,1
2017-10-16,Colts,Titans,18,2,9,0,1,21,37,212,19,85,297,1,0,1,0,1,5,51,1,4,2,10,24.116666666666667,25,6,13,1,1,23,32,305,34,168,473,1,1,0,1,1,4,45,1,3,0,11,35.88333333333333,22,36,1
2017-10-22,Jaguars,Colts,15,5,15,0,3,22,37,136,20,96,232,10,64,0,0,0,5,55,0,1,0,11,27.216666666666665,23,8,14,0,1,18,27,330,37,188,518,1,0,2,0,2,4,34,2,3,0,11,32.78333333333333,27,0,0
2017-10-29,Colts,Bengals,19,8,16,0,1,25,39,216,28,115,331,4,17,0,1,1,7,45,1,4,0,12,33.21666666666667,17,4,11,0,0,17,29,218,21,58,276,3,25,2,0,2,5,54,1,3,2,10,26.783333333333335,23,24,1
2017-11-05,Colts,Texans,17,4,14,0,0,20,30,279,28,92,371,3,29,1,0,1,6,68,0,1,0,12,30.983333333333334,19,4,14,0,1,19,44,194,21,94,288,2,25,1,0,1,7,74,0,2,2,11,29.016666666666666,20,14,0
2017-11-12,Steelers,Colts,13,6,15,0,0,14,24,196,29,71,267,3,26,0,1,1,9,82,0,0,0,12,30.033333333333335,18,5,13,0,0,19,31,228,30,88,316,1,8,0,1,1,9,70,2,4,0,12,29.966666666666665,20,17,0
2017-11-26,Titans,Colts,15,6,14,0,0,17,29,165,24,89,254,8,31,1,0,1,9,67,1,4,0,10,31.366666666666667,19,3,8,0,0,17,25,184,28,92,276,0,0,0,2,2,2,15,2,4,0,11,28.633333333333333,20,16,0
2017-12-03,Colts,Jaguars,17,5,15,4,4,21,36,149,26,141,290,4,25,0,2,2,4,31,0,2,0,9,26.216666666666665,22,9,15,1,1,27,36,330,27,96,426,1,8,0,0,0,6,55,3,5,0,9,33.78333333333333,10,30,1
2017-12-10,Colts,Bills,16,4,16,3,4,11,22,64,46,163,227,1,5,0,0,0,2,20,1,2,0,12,36.03333333333333,14,10,18,0,2,7,16,92,51,227,319,0,0,1,1,2,2,10,2,2,0,13,32.416666666666664,7,13,1
2017-12-14,Broncos,Colts,15,6,13,0,1,17,30,158,22,70,228,1,0,0,0,0,4,39,1,1,0,9,23.15,23,7,15,1,3,17,26,251,46,211,462,2,10,0,1,1,12,80,1,3,0,9,36.85,25,13,0
2017-12-23,Colts,Ravens,17,5,13,1,2,16,33,203,24,93,296,2,12,0,0,0,2,19,1,4,0,9,24.2,23,6,14,1,1,29,38,220,32,103,323,1,17,0,0,0,5,25,2,4,0,9,35.8,16,23,1
2017-12-31,Texans,Colts,20,6,13,0,0,15,25,104,36,146,250,1,10,0,0,0,4,20,2,3,0,9,31.216666666666665,15,5,11,0,0,14,24,124,27,85,209,2,13,0,1,1,7,34,1,1,0,10,28.783333333333335,13,22,1
2018-09-09,Bengals,Colts,24,11,17,0,0,39,53,305,22,75,380,2,14,1,1,2,7,91,1,3,0,11,32.8,19,4,8,0,0,21,28,229,20,101,330,2,14,1,1,2,8,94,2,2,2,10,27.2,34,23,0
2018-09-16,Colts,Commanders,17,9,16,0,0,21,31,177,28,104,281,1,2,0,2,2,6,26,3,3,0,12,26.666666666666668,20,5,15,1,2,33,46,269,22,65,334,3,23,1,0,1,7,90,0,2,0,11,33.333333333333336,21,9,0
2018-09-23,Colts,Eagles,14,2,12,1,2,25,41,141,13,68,209,2,23,0,0,0,11,77,1,5,0,11,19.8,26,6,14,0,0,25,37,227,35,152,379,5,28,1,1,2,10,110,2,4,0,11,40.2,16,20,1
2018-09-30,Texans,Colts,28,10,17,0,1,40,62,437,17,41,478,4,27,2,0,2,10,85,4,4,0,15,29.933333333333337,30,8,16,1,1,29,42,347,35,119,466,7,28,0,1,1,10,54,3,5,2,14,40.06666666666667,37,34,0
2018-10-04,Colts,Patriots,26,7,15,2,3,38,59,355,21,84,439,1,10,1,2,3,4,35,3,4,0,13,32.43333333333333,26,5,10,0,0,34,44,341,23,97,438,0,0,0,2,2,7,50,3,4,0,13,27.566666666666663,24,38,1
2018-10-14,Colts,Jets,24,5,12,0,1,23,43,301,23,127,428,0,0,1,3,4,8,66,3,5,0,13,22.966666666666665,18,6,15,0,0,24,30,267,36,107,374,2,13,1,1,2,7,49,1,6,2,13,37.03333333333333,34,42,1
2018-10-21,Bills,Colts,22,7,13,1,2,17,23,156,37,220,376,0,0,0,0,0,4,35,3,4,0,12,33.31666666666667,15,2,9,0,1,20,31,168,22,135,303,2,7,2,3,5,7,59,0,1,0,11,26.683333333333337,5,37,1
2018-10-28,Colts,Raiders,28,9,13,0,0,22,31,239,40,222,461,0,0,0,0,0,10,77,3,5,0,9,36.5,19,4,8,1,2,21,28,244,19,103,347,0,0,1,0,1,10,79,2,2,0,9,23.5,42,28,0
2018-11-11,Jaguars,Colts,17,6,11,0,0,21,29,285,23,81,366,0,0,0,1,1,7,45,3,3,0,11,24.833333333333332,24,9,17,1,1,27,39,324,34,91,415,0,0,1,0,1,8,61,2,3,0,10,35.166666666666664,26,29,1
2018-11-18,Titans,Colts,26,5,10,0,0,24,32,295,28,102,397,0,0,0,0,0,7,60,4,5,0,10,31.266666666666666,16,6,14,0,0,21,29,176,25,87,263,5,27,0,2,2,8,112,1,1,0,10,28.733333333333334,10,38,1
2018-11-25,Dolphins,Colts,26,4,12,2,2,31,38,337,26,118,455,1,10,1,2,3,7,52,3,4,0,12,31.9,14,4,11,0,0,17,25,201,25,113,314,1,3,1,0,1,10,75,1,2,0,12,28.1,24,27,1
2018-12-02,Colts,Jaguars,19,5,18,0,3,33,52,224,16,41,265,3,24,1,1,2,6,65,0,2,0,11,30.45,11,6,15,0,0,18,24,132,27,79,211,3,18,1,0,1,8,74,0,2,0,11,29.55,0,6,1
2018-12-09,Colts,Texans,24,4,12,0,0,27,41,386,23,50,436,2,13,0,1,1,9,59,3,3,0,12,28.05,25,5,15,2,2,27,38,226,25,89,315,5,41,0,0,0,7,35,3,3,0,11,31.95,24,21,0
2018-12-16,Cowboys,Colts,25,8,12,0,0,16,27,192,39,178,370,0,0,1,0,1,6,55,2,3,0,8,31.8,19,4,12,1,5,24,39,180,22,112,292,3,26,0,1,1,9,74,0,2,0,7,28.2,0,23,1
2018-12-23,Giants,Colts,27,7,11,0,0,31,47,353,16,49,402,1,4,0,1,1,6,29,4,4,0,10,28.316666666666663,22,7,12,0,0,25,33,309,29,83,392,0,0,0,1,1,6,24,3,4,0,10,31.683333333333337,27,28,1
2018-12-30,Colts,Titans,24,5,13,1,1,24,35,278,36,158,436,1,7,1,1,2,12,96,4,7,0,13,40.21666666666667,11,1,9,0,1,18,29,165,16,93,258,0,0,1,2,3,9,75,0,0,2,11,19.783333333333335,33,17,0
2019-09-08,Colts,Chargers,22,7,13,1,1,21,27,173,33,203,376,2,17,0,0,0,3,10,2,3,0,9,32.15,25,7,11,0,0,25,34,310,21,125,435,4,23,1,1,2,3,20,2,3,0,9,32.833333333333336,24,30,1
2019-09-15,Colts,Titans,21,7,14,1,1,17,28,121,34,167,288,3,25,1,1,2,8,65,3,3,0,12,31.9,18,1,10,0,1,19,28,119,24,124,243,4,35,0,0,0,5,75,2,2,0,11,28.1,19,17,0
2019-09-22,Falcons,Colts,29,5,8,0,0,28,37,300,24,79,379,1,10,0,0,0,4,39,3,5,0,7,31.383333333333333,25,8,10,0,0,29,34,304,20,93,397,0,0,0,1,1,16,128,3,4,0,7,28.616666666666667,24,27,1
2019-09-29,Raiders,Colts,22,6,16,3,3,24,46,265,23,81,346,0,0,1,1,2,5,35,2,3,0,12,26.316666666666663,21,5,12,1,1,21,31,189,32,188,377,1,0,1,0,1,11,80,2,3,2,11,33.68333333333333,31,24,0
2019-10-06,Colts,Chiefs,25,5,14,2,2,18,29,151,45,180,331,0,0,0,1,1,7,50,1,5,0,10,37.25,18,4,12,1,2,22,39,288,14,36,324,4,33,1,0,1,11,125,1,3,0,10,22.75,19,13,0
2019-10-20,Texans,Colts,23,8,16,0,1,26,40,321,26,62,383,1,5,1,0,1,6,45,4,4,0,12,32.86666666666667,21,4,12,1,3,23,34,291,24,100,391,3,17,0,2,2,10,54,2,5,0,11,27.133333333333333,23,30,1
2019-10-27,Broncos,Colts,19,4,12,0,0,15,25,191,31,127,318,4,11,1,0,1,10,103,1,1,0,11,29.266666666666666,21,2,12,0,0,20,32,166,28,113,279,3,8,0,0,0,10,88,1,3,0,12,30.733333333333334,13,15,1
2019-11-03,Colts,Steelers,22,4,12,2,3,21,31,189,29,139,328,5,38,2,1,3,7,89,3,4,0,11,30.533333333333335,17,5,13,0,1,26,35,183,25,90,273,1,8,1,1,2,5,70,1,4,2,11,29.466666666666665,24,26,1
2019-11-10,Dolphins,Colts,19,5,13,0,2,18,39,191,29,109,300,1,13,0,3,3,3,25,1,5,0,13,28.533333333333335,13,6,16,1,2,21,33,159,26,70,229,3,10,1,1,2,4,30,1,2,0,13,31.466666666666665,16,12,0
2019-11-17,Jaguars,Colts,23,4,11,1,2,15,24,125,36,264,389,3,23,1,1,2,3,20,4,5,0,11,33.86666666666667,15,6,14,0,1,33,47,279,9,29,308,2,17,0,1,1,8,81,0,0,0,12,26.133333333333333,13,33,1
2019-11-21,Colts,Texans,19,9,15,0,1,16,25,121,39,175,296,1,8,0,0,0,3,29,2,3,0,9,33.28333333333333,16,6,12,0,2,19,30,297,24,99,396,1,1,0,1,1,4,27,0,2,0,9,26.716666666666665,17,20,1
2019-12-01,Titans,Colts,22,5,12,0,0,25,40,309,24,82,391,3,10,1,2,3,6,40,2,3,0,13,32.516666666666666,15,5,13,1,1,17,22,138,30,154,292,6,44,2,0,2,3,33,2,3,1,12,27.483333333333334,31,17,0
2019-12-08,Colts,Buccaneers,16,6,16,2,3,19,36,243,22,66,309,1,8,1,0,1,3,35,2,3,2,12,25.75,29,8,15,1,1,35,49,467,28,75,542,1,7,1,3,4,6,104,4,4,0,13,34.25,35,38,1
2019-12-16,Colts,Saints,16,3,12,1,2,18,34,159,17,46,205,1,6,0,0,0,7,49,1,1,0,8,23.633333333333333,27,5,9,0,0,29,30,307,33,117,424,0,0,0,0,0,6,52,2,4,0,9,36.36666666666667,7,34,1
2019-12-22,Panthers,Colts,25,4,11,1,2,14,27,106,32,218,324,3,13,0,0,0,0,0,3,5,0,9,27.65,19,4,14,2,4,28,45,199,21,87,286,5,37,0,3,3,6,46,0,3,0,11,32.35,6,38,1
2019-12-29,Colts,Jaguars,17,4,12,0,1,12,25,143,27,132,275,3,19,2,0,2,4,36,2,3,0,10,26.116666666666667,23,9,14,0,0,27,39,286,24,67,353,3,9,0,1,1,3,27,3,5,2,10,33.88333333333333,20,38,1
2020-09-13,Colts,Jaguars,27,4,12,1,3,36,46,357,22,88,445,1,6,0,2,2,5,80,2,5,0,9,33.38333333333333,17,5,10,0,0,19,20,150,23,91,241,4,23,0,0,0,6,61,2,2,0,10,26.616666666666667,20,27,1
2020-09-20,Vikings,Colts,24,3,11,1,1,19,25,203,40,151,354,2,11,0,1,1,9,93,2,4,0,10,38.416666666666664,12,2,9,0,0,11,26,95,18,80,175,3,18,0,3,3,6,45,1,2,0,10,21.583333333333332,11,28,1
2020-09-27,Jets,Colts,21,3,10,1,1,19,25,234,31,119,353,0,0,0,0,0,4,40,2,2,2,10,30.133333333333333,15,3,12,0,1,17,29,151,29,109,260,2,17,0,3,3,7,57,1,2,0,11,29.866666666666667,7,36,1
2020-10-04,Colts,Bears,18,8,19,1,2,16,29,186,38,103,289,1,4,0,0,0,8,76,1,4,0,11,32.46666666666667,16,4,14,0,0,26,42,241,16,28,269,1,8,0,1,1,8,103,1,2,0,11,27.533333333333335,19,11,0
2020-10-11,Colts,Browns,15,4,11,1,1,21,33,240,18,68,308,1,3,0,2,2,5,34,1,4,1,11,25.25,22,10,17,1,1,22,38,261,33,124,385,1,4,0,2,2,2,10,2,4,1,9,34.75,23,32,1
2020-10-18,Bengals,Colts,23,7,11,0,0,29,44,371,15,59,430,1,0,1,1,2,6,55,4,4,0,11,25.533333333333335,22,8,17,2,2,25,39,300,32,98,398,2,13,0,1,1,6,20,3,3,0,11,34.46666666666667,27,31,1
2020-11-01,Colts,Lions,26,7,14,1,1,23,34,247,39,119,366,2,15,0,0,0,3,19,3,3,2,11,37.766666666666666,20,7,14,0,1,24,42,297,13,29,326,5,39,1,1,2,4,76,2,3,0,12,22.233333333333334,41,21,0
2020-11-08,Ravens,Colts,20,2,12,2,4,25,44,227,21,112,339,0,0,1,1,2,4,30,1,2,0,12,26.566666666666663,19,5,13,1,1,19,23,156,38,110,266,2,14,1,0,1,5,55,2,3,2,10,33.43333333333333,24,10,0
2020-11-12,Colts,Titans,26,4,12,3,5,29,39,297,29,133,430,1,11,0,0,0,9,73,3,6,0,8,31.3,25,3,10,0,1,15,27,137,32,157,294,1,10,0,0,0,3,30,2,4,0,9,28.7,34,17,0
2020-11-22,Packers,Colts,23,6,16,2,2,24,36,280,37,140,420,1,8,1,1,2,8,116,2,4,0,14,35.016666666666666,21,4,9,0,1,27,38,301,18,66,367,1,10,3,1,4,7,45,3,4,0,13,27.816666666666663,31,34,1
2020-11-29,Titans,Colts,27,5,13,1,2,24,44,280,21,56,336,2,15,0,1,1,6,50,4,4,0,12,24.45,28,5,12,1,1,13,22,220,45,229,449,1,1,0,0,0,9,63,4,5,0,12,35.55,45,26,0
2020-12-06,Colts,Texans,25,3,11,1,2,27,35,262,29,109,371,3,23,0,0,0,7,50,1,2,0,12,33.53333333333333,20,5,13,0,0,26,38,308,19,90,398,5,33,1,1,2,3,30,2,4,0,11,26.466666666666665,26,20,0
2020-12-13,Colts,Raiders,25,8,11,0,0,19,28,244,31,212,456,0,0,0,0,0,6,50,2,5,2,9,28.583333333333332,26,8,12,0,0,32,46,345,22,79,424,0,0,1,2,3,6,33,2,5,0,9,31.416666666666668,44,27,0
2020-12-20,Texans,Colts,20,6,11,1,1,22,29,223,23,127,350,1,5,0,0,0,4,35,3,4,0,8,29.166666666666668,22,8,15,1,2,33,41,342,21,83,425,5,31,2,0,2,5,24,1,4,0,8,30.833333333333332,20,27,1
2020-12-27,Colts,Steelers,21,5,13,0,1,21,34,238,28,127,365,5,32,1,1,2,9,83,2,3,0,12,32.46666666666667,26,4,11,0,1,34,49,332,14,22,354,1,9,0,0,0,6,49,2,3,0,13,27.533333333333335,24,28,1
2021-01-03,Jaguars,Colts,23,3,10,0,0,17,27,164,37,273,437,0,0,0,1,1,1,15,2,4,0,13,33.63333333333333,18,5,15,0,2,26,42,230,17,53,283,6,31,1,0,1,3,54,2,2,0,12,26.366666666666667,14,28,1
2021-09-12,Seahawks,Colts,23,5,13,0,3,25,38,223,30,113,336,3,28,1,0,1,2,16,2,4,0,11,35.78333333333333,18,4,9,0,0,18,23,241,27,140,381,3,13,1,0,1,7,53,2,2,0,10,24.216666666666665,28,16,0
2021-09-19,Rams,Colts,22,5,11,0,1,22,36,245,26,109,354,3,27,0,2,2,3,25,1,4,1,10,31.533333333333335,21,3,9,0,1,19,30,270,29,101,371,1,8,1,1,2,2,15,3,5,0,10,28.466666666666665,27,24,0
2021-09-26,Colts,Titans,19,3,12,2,2,19,37,178,18,87,265,2,16,0,0,0,4,66,1,3,0,9,25.9,24,6,12,1,1,18,27,188,37,180,368,1,9,1,2,3,4,24,3,5,0,9,34.1,16,25,1
2021-10-03,Colts,Dolphins,20,6,15,1,1,24,32,210,33,139,349,2,18,1,0,1,8,86,2,4,0,10,37.15,13,3,11,2,2,20,30,168,16,35,203,3,31,2,0,2,5,32,2,2,0,10,22.85,27,17,0
2021-10-11,Colts,Ravens,29,5,10,1,1,25,35,390,26,123,513,2,12,1,0,1,5,45,1,4,0,10,30.75,30,3,8,0,0,37,43,437,25,86,523,2,5,1,0,1,8,74,3,5,0,10,33.85,25,31,1
2021-10-17,Texans,Colts,15,3,10,1,1,11,20,214,26,174,388,2,9,0,0,0,2,10,2,2,0,11,25.45,19,9,17,1,2,29,43,229,29,124,353,2,14,1,2,3,4,25,0,1,0,11,34.55,3,31,1
2021-10-24,Colts,49ers,17,6,14,1,1,17,26,147,33,148,295,1,3,2,0,2,6,45,3,5,0,13,33.93333333333333,13,1,11,0,0,16,27,169,24,111,280,2,12,2,2,4,7,122,2,3,0,14,26.066666666666663,30,18,0
2021-10-31,Titans,Colts,24,7,16,2,3,27,51,224,20,83,307,1,7,1,2,3,9,75,4,5,0,12,30.966666666666665,18,8,17,2,2,23,34,247,31,93,340,3,18,0,2,2,11,161,2,2,1,12,34.983333333333334,34,31,0
2021-11-04,Jets,Colts,28,5,10,1,2,22,30,272,30,260,532,1,0,0,0,0,2,22,3,4,0,11,30.45,30,8,14,1,1,34,52,398,21,88,486,2,14,1,1,2,7,43,3,5,0,11,29.55,30,45,1
2021-11-14,Jaguars,Colts,15,4,15,0,0,22,34,168,27,127,295,1,12,0,0,0,7,47,1,4,1,12,32.266666666666666,15,5,15,0,0,16,35,152,24,179,331,3,10,1,0,1,8,79,1,1,0,13,27.733333333333334,17,23,1
2021-11-21,Colts,Bills,28,8,12,0,1,11,20,106,46,264,370,0,0,0,0,0,3,30,4,6,0,9,37.78333333333333,19,5,10,0,0,24,40,220,13,91,311,1,8,1,3,4,7,56,2,2,0,10,22.216666666666665,41,15,0
2021-11-28,Buccaneers,Colts,24,5,11,2,2,27,44,285,20,107,392,3,21,3,2,5,6,66,3,3,0,12,30.016666666666666,28,2,8,0,0,25,34,217,27,142,359,2,9,1,1,2,4,44,4,5,0,13,29.983333333333334,38,31,0
2021-12-05,Colts,Texans,26,7,13,1,1,16,22,151,48,238,389,1,7,1,0,1,5,25,4,6,0,12,41.583333333333336,9,3,12,0,3,11,27,57,19,84,141,4,37,1,1,2,4,25,0,0,0,11,18.416666666666668,31,0,0
2021-12-18,Patriots,Colts,15,2,10,3,3,5,12,49,39,226,275,1,8,0,1,1,2,13,1,2,1,10,30.366666666666667,20,6,15,1,3,26,45,284,19,81,365,1,15,0,2,2,8,50,2,4,0,10,29.633333333333333,17,27,1
2021-12-25,Colts,Cardinals,20,8,15,0,1,18,28,220,33,126,346,2,5,0,0,0,5,40,2,4,0,10,35.483333333333334,20,6,13,1,3,27,43,245,21,133,378,0,0,0,0,0,11,85,1,2,0,10,24.516666666666666,22,16,0
2022-01-02,Raiders,Colts,16,3,11,1,1,16,27,140,26,122,262,1,8,0,0,0,3,25,1,1,0,9,28.95,18,6,14,2,2,24,32,241,27,85,326,2,14,0,2,2,6,41,2,4,0,10,31.05,23,20,0
2022-01-09,Colts,Jaguars,13,4,12,2,5,17,29,139,18,94,233,6,46,1,1,2,4,52,1,3,0,9,26.683333333333337,19,7,15,1,1,23,32,217,31,101,318,1,6,0,0,0,6,49,2,5,0,10,33.31666666666667,11,26,1
2022-09-18,Colts,Jaguars,9,2,10,0,2,16,30,164,13,54,218,5,31,0,3,3,5,30,0,2,0,11,21.75,21,6,15,2,3,25,30,235,37,96,331,0,0,0,0,0,3,19,2,2,0,11,38.25,0,24,1
2022-09-25,Chiefs,Colts,19,6,15,1,3,27,37,177,27,82,259,5,45,1,0,1,4,34,2,3,0,11,33.53333333333333,20,3,10,1,2,20,36,257,23,58,315,1,5,1,1,2,6,45,2,4,0,10,26.466666666666665,17,20,1
2022-10-02,Titans,Colts,21,7,13,0,0,27,37,327,23,38,365,3,29,2,1,3,7,50,2,3,0,9,33.95,19,5,12,0,0,17,21,116,28,127,243,3,21,0,0,0,6,40,3,3,0,10,26.05,24,17,0
2022-10-06,Colts,Broncos,19,4,16,0,0,26,41,200,26,106,306,6,51,0,2,2,8,64,0,2,0,13,34.6,18,2,15,1,2,21,39,250,28,125,375,4,24,0,2,2,7,49,0,4,0,14,32.85,12,9,0
2022-10-16,Jaguars,Colts,29,10,15,0,0,42,58,389,16,45,434,0,0,0,0,0,7,52,3,4,0,9,28.816666666666663,25,5,10,1,2,20,22,136,33,243,379,4,29,1,0,1,4,44,3,3,0,10,31.183333333333337,27,34,1
2022-10-23,Colts,Titans,17,4,13,1,1,33,44,227,17,65,292,3,16,1,2,3,4,28,1,1,0,10,28.45,16,5,12,0,0,13,20,116,35,138,254,2,16,1,0,1,2,15,0,2,1,10,31.55,10,19,1
2022-10-30,Commanders,Colts,15,5,12,0,0,17,23,189,29,135,324,2,12,2,0,2,3,25,1,3,0,12,29.333333333333332,20,2,12,2,3,23,31,266,28,96,362,2,13,0,1,1,3,52,2,3,0,11,30.666666666666668,17,16,0
2022-11-06,Colts,Patriots,8,0,14,0,2,15,29,43,22,78,121,9,60,0,1,1,2,15,0,2,0,15,28.9,11,6,17,0,0,20,30,133,28,70,203,4,14,1,0,1,4,35,1,2,1,14,31.1,3,26,1
2022-11-13,Colts,Raiders,20,6,11,0,0,21,28,208,30,207,415,1,14,1,0,1,4,25,1,2,0,11,29.016666666666666,18,5,13,1,3,24,38,232,24,77,309,2,16,0,0,0,10,74,2,3,0,10,30.983333333333334,25,20,0
2022-11-20,Eagles,Colts,14,5,15,0,1,23,32,185,26,99,284,4,28,1,0,1,8,90,1,3,0,11,30.633333333333333,18,5,12,1,2,18,25,173,33,141,314,3,17,2,0,2,7,55,1,2,0,12,29.366666666666667,17,16,0
2022-11-28,Steelers,Colts,19,3,12,2,3,22,34,180,25,110,290,3,19,1,1,2,2,20,2,3,0,10,25.633333333333333,22,7,14,0,0,20,28,151,36,172,323,3,23,0,0,0,3,19,2,3,0,10,34.36666666666667,24,17,0
2022-12-04,Colts,Cowboys,18,4,13,3,3,21,37,203,30,106,309,3,30,2,3,5,6,88,2,3,0,14,31.316666666666663,23,7,13,1,1,20,30,165,34,220,385,1,5,0,1,1,3,43,4,4,1,12,28.683333333333337,19,54,1
2022-12-17,Colts,Vikings,20,6,19,0,1,19,33,170,43,171,341,3,12,1,0,1,11,103,1,4,2,16,36.61666666666667,32,5,15,0,3,34,55,426,24,92,518,7,34,1,2,3,9,74,4,4,0,19,33.333333333333336,36,39,1
2022-12-26,Chargers,Colts,10,0,10,1,4,17,29,104,14,69,173,7,39,0,3,3,2,11,0,1,0,10,26.1,17,8,18,1,1,24,31,213,32,101,314,4,22,1,1,2,6,60,2,4,0,11,33.9,20,3,0
2023-01-01,Colts,Giants,14,3,12,2,2,17,27,124,27,128,252,2,17,0,1,1,7,60,1,2,0,9,28.4,26,4,7,0,1,19,24,177,37,217,394,0,0,1,0,1,3,20,4,5,1,8,31.6,10,38,1
2023-01-08,Texans,Colts,25,4,13,2,3,23,35,202,33,196,398,2,7,1,2,3,2,10,3,5,1,12,33.88333333333333,18,5,14,2,2,24,40,301,23,59,360,1,10,1,2,3,7,41,3,4,1,11,26.116666666666667,32,31,0
