date,team,opponent,offensive_first_downs,offensive_third_down_conversions,offensive_third_down_opportunities,offensive_fourth_down_conversions,offensive_fourth_down_conversion_attempts,offensive_passing_completions,offensive_passing_attempts,offensive_passing_yards,offensive_rushing_attempts,offensive_rushing_yards,offensive_total_yards,offensive_sacks_taken,offensive_yards_lost_from_sacks,offensive_fumbles,offensive_interceptions,offensive_turnovers,offensive_penalties,offensive_penalty_yards,offensive_redzone_conversions,offensive_redzone_drives,team_def_st_td,offensive_drives,team_offensive_time_of_possession,defensive_first_downs_allowed,defensive_third_down_conversions_allowed,defensive_third_down_opportunities,defensive_fourth_down_conversions_allowed,defensive_fourth_down_conversion_attempts,defensive_passing_completions,defensive_passing_attempts,defensive_passing_yards_allowed,defensive_rushing_attempts,defensive_rushing_yards_allowed,defensive_total_yards_allowed,defensive_sacks,defensive_sack_yards,defensive_fumbles_forced,defensive_int_forced,defensive_turnovers_forced,opposing_team_team_penalties,opposing_team_penalty_yards,defensive_redzone_conversions,defensive_redzone_opportunities,opposing_team_def_st_td,opposing_team_drives,opposing_team_possession,points_scored,points_allowed,team_score,opponent_score,game_result
2002-09-08,Bengals,Chargers,,,,,,,,,,,,,,,,,,,,,,,,,,,,,,,,,,,,,,,,,,,,,,,,,34,6,0
2002-09-15,Bengals,Browns,13.0,4.0,11.0,0.0,0.0,18.0,31.0,167.0,13.0,36.0,203.0,4.0,31.0,0.0,1.0,1.0,9.0,57.0,0.0,5.0,0.0,15.0,22.2,27.0,6.0,10.0,0.0,0.0,15.0,19.0,160.0,45.0,241.0,401.0,1.0,0.0,0.0,0.0,0.0,4.0,39.0,0.0,7.0,0.0,11.0,37.8,34.0,6.0,7,20,1
2002-09-22,Bengals,Falcons,20.5,6.5,14.0,0.0,1.0,22.0,39.0,184.0,22.0,96.0,280.0,4.5,34.5,0.0,2.0,2.0,6.0,43.5,0.0,4.0,0.0,15.0,26.75,21.0,5.0,11.0,0.0,0.5,16.0,24.5,175.0,36.0,158.0,333.0,1.0,4.0,0.0,0.0,0.0,8.0,63.0,0.0,4.5,0.0,11.0,33.25,20.5,13.0,3,30,1
2002-09-29,Bengals,Buccaneers,17.333333333333332,6.0,14.666666666666666,0.0,2.0,20.666666666666668,40.0,164.33333333333334,21.333333333333332,86.0,250.33333333333334,3.6666666666666665,26.666666666666668,0.0,2.0,2.0,6.666666666666667,53.0,0.0,4.0,0.0,16.0,25.583333333333332,20.0,5.0,12.0,0.3333333333333333,0.6666666666666666,16.0,25.0,171.0,36.0,153.0,324.0,1.0,6.333333333333333,0.0,0.0,0.0,7.666666666666667,65.33333333333333,0.0,4.0,0.0,11.0,34.416666666666664,14.666666666666666,18.666666666666668,35,7,0
2002-10-06,Bengals,Colts,15.75,5.0,15.25,0.5,2.25,18.5,38.25,146.75,23.25,83.0,229.75,3.5,25.75,0.25,1.75,2.0,6.0,47.25,0.0,4.5,0.5,16.75,26.34583333333333,19.25,4.75,11.75,0.25,0.5,16.75,26.25,193.75,34.0,140.0,333.75,1.25,8.5,0.25,0.5,0.75,7.5,65.25,0.0,3.25,0.5,11.75,33.65416666666667,19.75,15.75,21,28,1
2002-10-13,Bengals,Steelers,17.2,4.4,14.4,0.8,2.4,21.0,39.2,164.8,23.4,101.0,265.8,3.0,22.0,0.4,2.0,2.4,6.0,50.4,0.0,4.8,0.4,16.6,27.226666666666667,19.2,5.0,12.2,0.2,0.4,17.6,27.8,199.8,32.2,129.4,329.2,1.0,6.8,0.2,0.6,0.8,7.0,66.4,0.0,4.0,0.4,12.4,32.77333333333333,20.0,18.2,34,7,0
2002-10-27,Bengals,Titans,17.333333333333332,5.0,14.333333333333334,0.6666666666666666,2.3333333333333335,21.333333333333332,38.5,169.0,23.5,97.16666666666667,266.1666666666667,3.3333333333333335,23.666666666666668,0.5,2.1666666666666665,2.6666666666666665,5.666666666666667,47.0,0.0,5.0,0.3333333333333333,16.833333333333332,27.48888888888889,19.5,5.333333333333333,12.166666666666666,0.16666666666666666,0.3333333333333333,17.333333333333332,27.333333333333332,199.33333333333334,32.666666666666664,143.0,342.3333333333333,1.1666666666666667,8.833333333333334,0.16666666666666666,0.8333333333333334,1.0,7.0,63.666666666666664,0.0,4.166666666666667,0.5,12.333333333333334,32.51111111111111,22.333333333333332,16.333333333333332,30,24,0
2002-11-03,Bengals,Texans,18.0,5.0,13.857142857142858,0.5714285714285714,2.142857142857143,20.714285714285715,36.285714285714285,172.42857142857142,25.857142857142858,110.57142857142857,283.0,2.857142857142857,20.285714285714285,0.5714285714285714,1.8571428571428572,2.4285714285714284,6.142857142857143,51.857142857142854,0.0,5.714285714285714,0.2857142857142857,16.857142857142858,28.407142857142855,19.571428571428573,5.142857142857143,12.0,0.14285714285714285,0.2857142857142857,17.142857142857142,27.285714285714285,200.57142857142858,31.857142857142858,141.71428571428572,342.2857142857143,1.1428571428571428,8.571428571428571,0.2857142857142857,0.7142857142857143,1.0,7.0,60.285714285714285,0.0,4.714285714285714,0.42857142857142855,12.714285714285714,31.592857142857145,23.428571428571427,17.428571428571427,38,3,0
2002-11-10,Bengals,Ravens,18.875,5.125,13.375,0.5,1.875,20.875,35.125,183.75,27.0,112.625,296.375,2.5,17.75,0.5,1.625,2.125,6.5,57.875,0.0,5.625,0.5,16.125,28.777083333333334,19.875,5.125,12.125,0.125,0.25,17.25,27.875,198.75,31.0,134.25,333.0,1.25,9.125,0.25,0.875,1.125,7.125,60.25,0.0,5.0,0.375,13.125,31.222916666666666,25.25,15.625,27,38,1
2002-11-17,Bengals,Browns,19.0,5.333333333333333,13.666666666666666,0.4444444444444444,1.6666666666666667,21.666666666666668,35.77777777777778,191.0,27.11111111111111,113.77777777777777,304.77777777777777,2.5555555555555554,18.333333333333332,0.5555555555555556,1.7777777777777777,2.3333333333333335,6.333333333333333,55.44444444444444,0.0,5.666666666666667,0.5555555555555556,16.444444444444443,29.200000000000003,20.0,5.0,11.88888888888889,0.2222222222222222,0.3333333333333333,17.11111111111111,27.444444444444443,194.77777777777777,31.11111111111111,137.33333333333334,332.1111111111111,1.3333333333333333,10.333333333333334,0.4444444444444444,0.7777777777777778,1.2222222222222223,6.444444444444445,54.111111111111114,0.0,5.111111111111111,0.6666666666666666,13.777777777777779,30.799999999999997,25.444444444444443,18.11111111111111,27,20,0
2002-11-24,Bengals,Steelers,18.5,5.3,13.5,0.4,1.6,21.2,35.2,196.7,26.6,112.6,309.3,2.4,17.5,0.6,1.6,2.2,6.1,53.1,0.0,5.9,0.5,16.5,28.643333333333334,20.2,5.6,12.5,0.2,0.3,17.6,28.3,199.5,31.5,137.6,337.1,1.2,9.3,0.4,0.8,1.2,6.2,50.2,0.0,5.3,0.6,13.8,31.356666666666666,25.6,18.3,21,29,1
2002-12-01,Bengals,Ravens,18.9,5.6,13.9,0.5,1.9,21.6,36.0,209.8,27.4,114.4,324.2,2.1,14.4,0.7,1.5,2.2,6.1,58.4,0.0,6.3,0.5,16.7,29.01,19.6,5.3,12.6,0.3,0.5,18.3,29.0,207.0,30.5,129.1,336.1,1.2,9.4,0.4,0.8,1.2,6.3,50.3,0.0,5.1,0.6,14.2,30.99,24.3,20.6,27,23,0
2002-12-08,Bengals,Panthers,18.6,5.3,13.8,0.9,2.2,22.0,35.9,220.0,27.2,106.6,326.6,1.7,11.1,0.8,1.3,2.1,6.1,58.4,0.0,6.7,0.5,16.8,29.123333333333335,19.6,5.5,12.7,0.4,0.5,17.6,27.9,197.9,30.9,136.4,334.3,1.4,10.2,0.4,0.8,1.2,5.9,49.5,0.0,5.0,0.9,14.5,30.876666666666665,26.3,20.9,31,52,1
2002-12-15,Bengals,Jaguars,20.0,5.4,13.7,0.9,1.8,22.7,35.4,233.2,28.1,108.3,341.5,1.9,13.8,0.9,1.1,2.0,5.8,55.1,0.0,7.2,0.7,17.2,29.91166666666667,20.1,5.5,12.2,0.3,0.5,18.1,28.2,213.5,30.2,130.3,343.8,1.3,9.1,0.6,0.9,1.5,6.2,51.6,0.0,5.6,1.3,15.4,30.08833333333333,29.1,23.1,29,15,0
2002-12-22,Bengals,Saints,20.8,5.9,13.7,0.8,1.8,23.7,36.3,247.3,27.6,107.4,354.7,1.9,13.8,0.9,1.1,2.0,5.9,55.0,0.0,7.4,0.5,16.7,30.04666666666667,20.4,5.4,12.3,0.5,0.8,18.1,28.0,208.5,30.4,131.1,339.6,1.4,8.7,0.5,0.7,1.2,6.0,50.5,0.0,6.1,1.1,15.5,29.95333333333333,28.5,23.9,13,20,1
2002-12-29,Bengals,Bills,21.0,6.4,14.2,0.7,1.6,22.6,36.0,241.9,29.1,114.1,356.0,2.0,13.8,1.0,1.0,2.0,5.9,52.7,0.0,7.3,0.5,16.9,30.503333333333337,19.6,5.0,12.3,0.5,1.0,17.6,28.4,203.8,29.9,125.7,329.5,1.7,11.3,0.7,0.6,1.3,5.9,46.4,0.0,5.8,1.1,15.7,29.496666666666663,27.7,23.1,9,27,1
2003-09-07,Bengals,Broncos,21.1,5.7,13.7,0.7,1.6,22.2,36.0,246.2,28.5,114.7,360.9,1.7,11.4,1.0,0.9,1.9,6.5,60.2,0.0,7.4,0.5,16.7,29.76,19.8,5.1,12.6,0.6,1.2,18.3,29.0,206.6,30.2,114.5,321.1,1.7,10.0,1.0,0.4,1.4,5.9,48.5,0.0,6.0,1.0,15.9,30.24,25.2,25.1,30,10,0
2003-09-14,Bengals,Raiders,20.4,5.5,13.8,0.7,1.8,22.5,37.4,251.2,26.7,100.7,351.9,2.1,13.5,1.1,1.1,2.2,6.0,54.6,0.0,6.5,0.5,15.4,29.13833333333334,19.7,5.3,12.9,0.6,1.2,17.9,28.8,196.7,31.5,119.5,316.2,1.7,9.9,0.9,0.7,1.6,5.7,50.3,0.0,5.2,1.2,14.5,30.861666666666668,25.2,23.7,20,23,1
2003-09-21,Bengals,Steelers,20.6,5.8,14.6,0.7,1.8,22.8,38.8,253.6,27.1,100.9,354.5,2.3,15.1,1.1,1.3,2.4,5.8,51.1,0.0,6.7,0.3,16.0,29.94166666666667,18.7,5.0,12.6,0.6,1.2,17.4,28.4,188.4,31.0,124.7,313.1,1.5,8.6,0.9,0.5,1.4,5.5,50.2,0.0,5.1,1.4,14.5,30.058333333333337,23.4,25.7,17,10,0
2003-09-28,Bengals,Browns,19.7,5.4,14.0,0.7,1.8,21.6,37.1,241.2,25.9,94.3,335.5,2.4,16.0,1.0,1.1,2.1,6.0,52.4,0.0,6.5,0.2,15.2,28.97333333333333,18.8,5.4,13.2,0.7,1.3,17.9,29.4,195.9,31.6,122.3,318.2,1.4,6.8,0.7,0.6,1.3,6.0,55.0,0.0,5.0,1.1,13.8,31.026666666666664,22.4,22.9,21,14,0
2003-10-05,Bengals,Bills,20.0,5.8,14.3,0.7,1.7,22.2,37.2,237.9,26.6,92.1,330.0,2.3,15.0,0.9,1.1,2.0,6.7,55.2,0.0,6.1,0.2,14.6,29.58833333333333,18.4,4.8,12.5,0.7,1.4,18.0,29.4,198.7,30.3,115.2,313.9,1.6,7.8,0.7,0.6,1.3,6.7,63.6,0.0,4.8,1.1,13.7,30.41166666666667,21.8,22.3,16,22,1
2003-10-19,Bengals,Ravens,20.1,5.7,14.4,0.6,1.4,22.6,37.7,229.3,27.2,93.4,322.7,2.3,16.3,0.9,1.2,2.1,6.5,49.1,0.0,6.0,0.2,14.7,30.451666666666664,18.0,4.8,12.9,0.7,1.4,17.7,30.3,192.9,29.5,107.6,300.5,1.9,11.1,0.7,0.6,1.3,6.8,64.5,0.0,5.0,1.1,13.9,29.936666666666667,21.3,21.6,26,34,1
2003-10-26,Bengals,Seahawks,19.3,5.8,14.3,0.2,0.9,21.2,35.8,223.4,27.1,91.5,314.9,2.6,18.8,0.8,1.1,1.9,7.0,52.6,0.0,5.6,0.2,14.8,30.301666666666666,18.6,4.4,12.7,0.7,1.4,18.2,31.1,211.1,29.3,104.8,315.9,1.9,11.6,0.9,0.7,1.6,7.3,67.9,0.0,5.7,0.8,14.3,30.086666666666666,21.2,22.7,24,27,1
2003-11-02,Bengals,Cardinals,18.7,5.9,14.4,0.3,1.0,20.5,35.1,219.5,27.6,102.6,322.1,2.4,15.8,0.7,1.1,1.8,7.2,54.7,0.0,5.4,0.0,14.0,30.431666666666665,18.7,4.7,13.2,0.8,1.4,18.7,32.5,213.0,28.8,108.7,321.7,2.1,12.2,0.9,0.9,1.8,6.8,61.8,0.0,5.4,0.4,14.0,29.956666666666667,20.5,20.2,14,17,1
2003-11-09,Bengals,Texans,18.5,5.5,13.7,0.2,0.8,20.4,34.7,217.5,27.0,100.9,318.4,2.3,13.8,0.6,1.2,1.8,7.2,56.1,0.0,5.1,0.0,14.1,29.94666666666667,18.7,5.2,13.6,0.6,1.1,18.6,32.5,206.1,29.5,113.9,320.0,2.0,13.4,1.0,0.9,1.9,7.1,62.1,0.0,5.4,0.4,13.9,30.44166666666667,19.0,20.4,27,34,1
2003-11-16,Bengals,Chiefs,18.7,5.9,13.9,0.3,0.9,20.2,33.3,217.4,28.8,100.9,318.3,2.1,13.1,0.4,1.1,1.5,7.3,57.6,0.0,5.4,0.0,13.9,30.54,18.9,5.3,13.3,0.8,1.1,18.1,31.2,201.3,29.4,124.6,325.9,1.9,12.5,0.8,1.0,1.8,7.3,64.9,0.0,5.9,0.4,13.8,29.848333333333336,20.4,21.8,19,24,1
2003-11-23,Bengals,Chargers,18.9,6.2,14.3,0.3,0.7,20.2,33.0,216.3,30.3,112.5,328.8,2.1,13.4,0.3,0.9,1.2,6.8,50.4,0.0,5.1,0.1,13.7,31.68333333333333,18.6,4.6,12.9,0.7,0.9,18.6,32.3,209.2,27.3,121.4,330.6,1.8,12.8,0.5,1.0,1.5,7.0,60.3,0.0,5.7,0.4,14.0,28.705000000000002,21.4,21.5,34,27,0
2003-11-30,Bengals,Steelers,20.7,7.2,15.1,0.3,0.4,20.6,33.1,215.4,32.8,128.4,343.8,1.8,12.2,0.2,0.7,0.9,7.0,55.9,0.0,5.6,0.1,14.9,32.743333333333325,18.4,4.3,12.6,0.8,1.1,18.9,33.1,219.0,25.3,114.8,333.8,1.9,12.5,0.5,0.7,1.2,7.2,61.4,0.0,6.4,0.2,15.6,27.645,21.8,23.2,24,20,0
2003-12-07,Bengals,Ravens,19.8,6.9,14.5,0.3,0.5,19.9,32.2,213.3,31.4,126.8,340.1,1.7,11.1,0.2,0.5,0.7,6.9,54.9,0.0,5.4,0.1,14.6,31.481666666666666,19.5,5.2,13.3,0.9,1.2,20.5,34.7,238.6,25.8,109.9,348.5,2.5,16.1,0.6,0.8,1.4,7.3,62.5,0.0,6.4,0.0,15.4,28.906666666666666,22.2,22.9,13,31,1
2003-12-14,Bengals,49ers,20.2,7.0,14.8,0.3,0.5,20.6,32.9,217.6,31.9,131.1,348.7,1.9,12.5,0.5,0.6,1.1,7.1,56.3,0.0,5.5,0.1,15.3,31.898333333333333,19.4,4.9,13.0,0.7,1.0,19.2,33.2,227.8,26.5,118.4,346.2,2.6,17.4,0.7,0.9,1.6,6.9,59.2,0.0,6.5,0.0,16.0,28.49,21.8,25.0,38,41,1
2003-12-21,Bengals,Rams,20.8,6.8,14.6,0.5,0.7,20.1,32.3,212.9,32.7,145.6,358.5,2.1,14.6,0.5,0.6,1.1,6.4,54.3,0.0,5.9,0.3,15.7,32.23833333333333,20.7,5.0,12.8,0.7,0.9,19.5,32.9,233.9,27.0,128.6,362.5,2.5,17.7,1.0,0.8,1.8,6.5,54.1,0.0,7.3,0.0,16.4,28.15,23.5,27.7,10,27,1
2003-12-28,Bengals,Browns,20.4,6.6,14.3,0.5,0.8,19.1,30.8,210.4,32.3,148.8,359.2,2.3,14.8,0.4,0.8,1.2,6.2,53.2,0.0,5.5,0.3,15.4,31.258333333333333,21.3,5.7,12.9,0.6,0.8,20.0,33.2,239.0,27.4,134.9,373.9,2.2,14.4,1.0,0.9,1.9,6.5,53.2,0.0,7.0,0.0,15.8,28.741666666666664,22.9,28.2,22,14,0
2004-09-12,Bengals,Jets,20.8,6.5,14.2,0.5,0.8,19.8,31.6,201.6,32.0,154.4,356.0,2.2,13.7,0.4,0.9,1.3,6.3,53.3,0.0,6.0,0.3,15.2,31.056666666666665,21.1,5.9,12.9,0.5,0.8,19.4,32.3,222.4,28.5,149.3,371.7,1.9,12.3,0.8,0.8,1.6,6.1,48.8,0.0,6.7,0.0,15.2,28.943333333333335,22.5,26.2,24,31,1
2004-09-19,Bengals,Dolphins,20.8,6.6,13.8,0.4,0.7,19.8,31.3,203.6,31.4,146.3,349.9,2.1,13.9,0.5,1.0,1.5,6.2,52.2,0.0,6.1,0.3,15.3,30.734999999999996,21.1,5.9,12.7,0.4,0.8,18.8,30.7,210.5,29.5,159.1,369.6,1.8,12.2,0.7,0.5,1.2,5.7,46.5,0.0,6.7,0.2,14.9,29.264999999999997,22.5,26.6,13,16,1
2004-09-26,Bengals,Ravens,20.3,6.8,14.7,0.4,0.6,19.8,31.3,193.7,32.5,150.9,344.6,2.4,16.7,0.5,0.9,1.4,6.0,49.8,0.0,5.7,0.5,15.8,31.366666666666664,20.2,5.4,12.7,0.4,0.8,19.1,31.8,216.3,27.8,145.5,361.8,1.8,11.6,0.7,0.7,1.4,5.7,47.7,0.0,6.4,0.2,15.5,28.633333333333333,22.4,26.5,23,9,0
2004-10-03,Bengals,Steelers,20.2,6.3,14.4,0.2,0.5,20.5,33.9,204.4,29.4,137.8,342.2,2.8,19.4,0.6,1.1,1.7,5.8,46.8,0.0,5.5,0.5,15.9,30.561666666666667,20.3,5.6,12.9,0.2,0.6,19.1,31.1,216.0,29.3,156.9,372.9,1.8,9.9,0.9,0.6,1.5,6.0,49.0,0.0,6.0,0.2,15.4,29.438333333333333,22.0,24.0,17,28,1
2004-10-17,Bengals,Browns,20.3,6.6,14.6,0.2,0.5,20.6,34.4,197.8,28.8,131.5,329.3,2.7,19.1,0.7,1.3,2.0,5.8,48.1,0.0,5.7,0.4,16.0,30.095,20.6,6.0,12.8,0.2,0.6,18.0,29.4,202.4,31.6,166.7,369.1,1.8,9.6,1.1,0.6,1.7,6.3,55.5,0.0,6.1,0.4,15.4,29.905,21.8,24.4,17,34,1
2004-10-25,Bengals,Broncos,18.1,5.4,13.9,0.3,0.7,20.2,34.2,187.5,25.9,116.3,303.8,2.9,19.9,0.6,1.4,2.0,6.2,47.6,0.0,5.7,0.6,16.3,28.633333333333333,21.0,6.3,13.1,0.1,0.4,18.1,28.4,212.7,34.2,168.8,381.5,1.7,9.3,1.3,0.8,2.1,6.2,53.6,0.0,6.0,0.4,15.5,31.366666666666667,20.1,25.1,10,23,1
2004-10-31,Bengals,Titans,17.6,5.1,14.0,0.3,0.7,19.6,33.1,179.7,26.7,118.3,298.0,2.9,20.4,0.6,1.5,2.1,6.5,48.6,0.0,5.8,0.6,16.3,28.706666666666667,20.9,5.8,12.9,0.0,0.4,17.5,28.0,202.3,34.3,172.6,374.9,1.4,8.3,1.3,0.9,2.2,6.3,55.4,0.0,6.0,0.4,15.6,31.29333333333333,18.7,25.4,20,27,1
2004-11-07,Bengals,Cowboys,17.7,5.2,13.9,0.3,0.7,19.3,33.6,184.6,26.3,114.0,298.6,2.7,18.8,0.4,1.4,1.8,6.6,48.7,0.0,5.8,0.8,16.0,28.34166666666667,21.0,5.6,12.9,0.2,0.6,18.8,29.3,208.8,33.5,166.6,375.4,1.4,8.3,1.2,0.8,2.0,6.8,59.2,0.0,6.2,0.4,15.4,31.65833333333334,19.4,25.0,3,26,1
2004-11-14,Bengals,Commanders,16.9,5.3,14.3,0.1,0.5,19.6,34.3,189.0,25.7,103.1,292.1,2.5,16.7,0.4,1.4,1.8,6.6,46.7,0.0,5.4,0.6,15.8,28.351666666666667,19.2,5.3,13.1,0.2,0.7,18.0,29.0,195.9,33.5,160.4,356.3,1.4,7.5,1.1,1.1,2.2,6.8,58.8,0.0,5.5,0.4,15.5,31.64833333333333,15.9,23.5,17,10,0
2004-11-21,Bengals,Steelers,17.4,5.7,14.7,0.1,0.5,20.4,35.3,192.0,26.8,103.1,295.1,2.2,15.2,0.5,1.3,1.8,6.6,47.9,0.0,5.4,0.6,16.0,29.165000000000003,18.6,4.7,13.1,0.2,0.8,17.5,29.8,191.2,32.4,154.8,346.0,1.8,10.9,1.1,1.3,2.4,6.9,59.8,0.0,5.5,0.4,16.1,30.835,16.6,21.8,19,14,0
2004-11-28,Bengals,Browns,16.3,5.3,14.3,0.1,0.5,19.4,34.3,191.1,25.9,97.8,288.9,2.2,15.1,0.5,1.3,1.8,6.7,51.0,0.0,5.0,0.6,16.0,28.380000000000003,18.8,5.1,13.8,0.2,0.7,18.1,30.1,188.1,32.4,143.5,331.6,2.5,16.3,1.2,1.3,2.5,6.8,58.5,0.0,5.7,0.6,16.4,31.619999999999997,16.3,21.8,48,58,1
2004-12-05,Bengals,Ravens,17.0,5.2,14.2,0.1,0.5,19.8,34.5,192.4,26.3,111.8,304.2,2.1,14.1,0.4,1.5,1.9,6.9,52.4,0.0,5.6,0.8,16.9,28.589999999999996,18.7,4.7,13.8,0.3,0.8,19.1,31.3,204.8,30.7,129.2,334.0,2.7,18.5,1.1,1.5,2.6,7.9,66.5,0.0,6.6,0.4,17.5,31.410000000000004,18.7,24.5,27,26,0
2004-12-12,Bengals,Patriots,18.1,4.9,13.2,0.1,0.5,20.6,34.3,216.3,25.8,112.2,328.5,1.9,13.7,0.5,1.5,2.0,7.1,55.0,0.0,6.5,0.6,16.7,28.57833333333333,19.7,5.0,13.5,0.3,0.8,18.9,30.7,201.1,31.8,145.9,347.0,2.6,17.6,1.1,1.4,2.5,7.5,62.6,0.0,7.0,0.5,17.1,31.42166666666667,20.1,25.5,28,35,1
2004-12-19,Bengals,Bills,18.1,5.2,13.0,0.2,0.5,20.8,32.8,220.2,26.3,116.3,336.5,1.5,11.0,0.5,1.4,1.9,7.5,60.0,0.0,6.8,0.6,16.4,28.576666666666664,20.5,4.9,13.2,0.4,1.0,19.6,31.5,214.2,31.3,129.9,344.1,2.5,17.9,0.9,1.4,2.3,6.8,56.8,0.0,7.2,0.7,17.0,31.423333333333336,20.6,28.1,33,17,0
2004-12-26,Bengals,Giants,17.5,5.1,13.0,0.4,0.7,20.4,32.3,217.2,26.7,117.5,334.7,1.7,12.7,0.6,1.4,2.0,7.7,61.6,0.0,7.0,0.6,17.0,28.868333333333332,19.5,4.7,13.5,0.4,1.1,19.4,32.0,214.3,30.2,117.7,332.0,2.6,18.7,0.8,1.4,2.2,6.5,51.5,0.0,7.3,0.8,17.1,31.131666666666668,22.2,27.0,22,23,1
2005-01-02,Bengals,Eagles,18.0,5.6,13.0,0.4,0.8,20.4,31.9,221.1,27.4,118.0,339.1,1.7,12.6,0.7,1.4,2.1,7.0,56.1,0.0,7.2,0.4,16.7,29.423333333333336,19.2,4.7,13.6,0.5,1.2,19.7,33.4,201.7,28.4,118.0,319.7,2.7,20.4,0.6,1.3,1.9,6.8,55.0,0.0,7.6,0.8,16.8,30.576666666666664,22.7,25.9,38,10,0
2005-09-11,Bengals,Browns,18.3,5.8,13.2,0.5,0.8,20.8,32.5,218.3,27.6,119.5,337.8,1.6,11.6,0.7,1.3,2.0,6.5,53.1,0.0,7.1,0.6,17.0,29.624999999999993,18.8,4.7,13.8,0.5,1.3,20.5,34.8,208.4,27.4,113.7,322.1,2.7,20.3,0.7,1.4,2.1,6.7,51.2,0.0,7.6,0.8,17.3,30.374999999999993,25.5,24.6,27,13,0
2005-09-18,Bengals,Vikings,19.3,5.5,12.8,0.5,0.9,21.4,32.3,223.8,29.1,128.6,352.4,1.4,9.4,0.7,1.3,2.0,6.0,50.7,0.0,7.1,0.4,16.6,30.705000000000002,18.2,4.9,13.8,0.3,1.4,21.0,35.9,216.7,25.5,106.9,323.6,2.5,18.8,0.8,1.5,2.3,6.7,51.0,0.0,7.1,0.8,16.9,29.294999999999998,26.2,23.2,8,37,1
2005-09-25,Bengals,Bears,20.4,5.5,12.8,0.6,1.0,22.0,33.1,236.3,29.9,133.7,370.0,1.4,9.4,0.7,1.4,2.1,7.3,60.2,0.0,7.4,0.4,16.5,31.24333333333333,19.0,5.1,13.6,0.3,1.3,21.3,36.6,219.2,24.2,103.7,322.9,2.6,19.2,0.8,1.7,2.5,6.7,51.3,0.0,6.7,0.8,16.1,28.756666666666668,26.7,24.3,24,7,0
2005-10-02,Bengals,Texans,19.6,4.9,12.5,0.6,0.9,21.2,31.5,230.7,29.9,132.1,362.8,1.5,10.2,0.7,1.2,1.9,7.7,62.9,0.0,7.3,0.4,16.5,31.073333333333334,18.9,5.0,13.5,0.5,1.4,21.1,35.9,216.0,25.0,105.6,321.6,2.1,15.7,0.9,1.9,2.8,6.7,55.1,0.0,6.4,0.8,15.7,28.926666666666666,27.4,24.0,10,16,1
2005-10-09,Bengals,Jaguars,20.8,5.1,12.5,0.6,0.9,22.4,32.4,243.3,30.8,135.7,379.0,1.4,8.7,0.7,1.1,1.8,8.1,64.9,0.0,7.3,0.4,15.7,32.42333333333333,18.6,4.6,12.8,0.5,1.5,21.3,36.4,220.4,23.3,103.1,323.5,2.1,14.9,0.9,1.9,2.8,6.8,58.5,0.0,5.9,0.6,15.0,27.576666666666664,26.5,24.2,20,23,1
2005-10-16,Bengals,Titans,20.2,4.8,12.7,0.6,1.0,22.4,32.8,241.4,30.2,123.6,365.0,1.6,9.4,0.8,0.8,1.6,8.5,68.0,0.0,6.2,0.2,14.5,32.35,18.2,4.4,12.7,0.4,1.3,19.3,34.9,197.9,25.3,113.6,311.5,1.8,12.2,1.0,1.7,2.7,6.6,59.6,0.0,4.6,0.6,13.7,27.65,23.7,20.7,31,23,0
2005-10-23,Bengals,Steelers,20.3,4.9,12.8,0.6,1.1,22.2,32.5,232.7,30.6,125.7,358.4,1.4,7.1,0.7,0.7,1.4,8.4,66.7,0.0,5.6,0.4,13.8,32.123333333333335,18.2,4.4,12.6,0.5,1.4,20.0,35.7,207.4,24.6,106.2,313.6,1.7,11.4,1.0,1.8,2.8,6.7,63.5,0.0,4.3,0.5,13.4,27.876666666666665,24.1,20.4,27,13,0
2005-10-30,Bengals,Packers,19.7,4.3,12.6,0.5,1.0,21.6,32.4,221.0,29.4,119.8,340.8,1.6,8.7,0.6,0.7,1.3,7.9,62.7,0.0,5.0,0.4,13.6,31.256666666666668,18.0,4.4,12.7,0.4,1.2,19.1,34.5,190.0,26.4,118.9,308.9,1.7,12.1,1.1,1.9,3.0,7.0,68.7,0.0,4.0,0.3,13.1,28.743333333333332,24.0,18.2,14,21,1
2005-11-06,Bengals,Ravens,20.2,4.4,12.4,0.3,0.8,22.2,32.6,230.6,29.0,114.4,345.0,1.5,7.7,0.4,0.6,1.0,7.5,62.3,0.0,4.4,0.4,12.7,31.169999999999998,19.0,4.7,12.4,0.4,1.1,20.2,35.4,200.8,25.7,122.2,323.0,1.6,10.9,1.0,2.4,3.4,7.3,67.9,0.0,3.5,0.0,12.5,28.830000000000002,22.1,18.6,21,9,0
2005-11-20,Bengals,Colts,21.1,4.5,12.2,0.2,0.5,22.1,32.0,237.0,30.0,117.6,354.6,1.4,7.5,0.4,0.5,0.9,7.7,65.7,0.0,3.9,0.4,12.1,31.589999999999996,18.9,4.6,12.3,0.4,1.2,20.2,34.8,194.6,25.4,119.8,314.4,1.7,12.3,1.1,2.3,3.4,7.1,63.4,0.0,3.1,0.0,12.1,28.409999999999997,22.0,17.2,45,37,0
2005-11-27,Bengals,Ravens,21.8,4.6,12.0,0.1,0.6,23.0,33.1,253.8,29.1,119.2,373.0,1.5,8.2,0.4,0.6,1.0,8.2,70.7,0.0,3.7,0.2,11.6,31.433333333333337,19.9,4.8,12.0,0.5,1.1,19.5,33.4,204.3,26.8,121.0,325.3,1.5,10.4,0.9,2.1,3.0,6.8,61.4,0.0,3.1,0.0,11.4,28.56666666666667,22.7,19.9,29,42,1
2005-12-04,Bengals,Steelers,21.5,4.9,12.3,0.1,0.5,22.6,32.7,256.8,29.1,117.9,374.7,1.3,7.4,0.5,0.6,1.1,8.2,71.2,0.0,3.6,0.2,11.9,31.03333333333333,20.6,5.0,12.1,0.6,0.9,18.7,32.3,195.4,28.3,124.8,320.2,1.8,12.6,0.9,2.1,3.0,7.0,64.9,0.0,3.0,0.0,11.6,28.96666666666666,22.9,22.8,38,31,0
2005-12-11,Bengals,Browns,21.0,4.7,12.0,0.0,0.5,22.1,32.5,245.3,27.7,111.4,356.7,1.4,7.9,0.5,0.5,1.0,6.9,62.7,0.0,3.5,0.2,12.2,29.836666666666662,21.3,5.1,12.5,0.6,1.0,19.5,32.7,210.6,29.7,126.6,337.2,1.8,12.4,0.8,1.9,2.7,7.0,67.0,0.0,3.1,0.0,12.0,30.163333333333334,25.9,22.2,20,23,1
2005-12-18,Bengals,Lions,21.7,5.1,11.8,0.1,0.6,21.8,32.9,238.5,27.7,121.6,360.1,1.3,7.1,0.4,0.6,1.0,6.6,58.3,0.0,3.7,0.2,11.7,29.643333333333327,21.2,5.3,12.2,0.4,0.7,19.4,31.2,208.1,29.5,124.4,332.5,2.0,13.8,0.7,1.5,2.2,7.0,62.7,0.0,3.3,0.0,11.7,30.356666666666666,25.5,23.8,41,17,0
2005-12-24,Bengals,Bills,22.4,5.7,12.2,0.1,0.6,22.3,33.7,238.3,28.4,127.3,365.6,1.3,7.7,0.4,0.8,1.2,5.6,50.6,0.0,4.0,0.2,12.3,29.804999999999996,20.7,5.4,12.0,0.4,0.6,19.6,31.4,216.4,28.9,117.7,334.1,1.4,9.6,0.7,1.8,2.5,6.5,56.7,0.0,3.2,0.0,11.9,30.195,28.6,23.9,37,27,0
2006-01-01,Bengals,Chiefs,22.7,5.8,11.8,0.1,0.5,22.8,34.2,242.1,28.1,124.5,366.6,1.3,8.3,0.3,1.0,1.3,4.7,42.7,0.0,4.0,0.2,12.1,29.726666666666667,20.7,5.7,12.0,0.4,0.7,21.0,32.1,229.1,27.7,106.3,335.4,1.7,11.6,0.6,1.9,2.5,6.1,52.4,0.0,3.5,0.3,11.9,30.273333333333333,30.3,24.3,3,37,1
2006-09-10,Bengals,Chiefs,21.3,6.1,12.4,0.2,0.6,21.9,34.1,227.7,27.5,116.3,344.0,1.3,8.5,0.3,1.2,1.5,4.9,44.5,0.0,3.7,0.0,12.3,29.55,21.0,5.6,11.9,0.3,0.6,20.7,30.9,236.7,28.5,114.7,351.4,1.9,12.5,0.6,1.7,2.3,6.5,53.5,0.0,3.5,0.3,11.7,30.45,27.5,25.7,23,10,0
2006-09-17,Bengals,Browns,20.5,6.2,12.6,0.2,0.6,21.1,32.4,218.6,29.0,118.8,337.4,1.2,7.6,0.4,1.0,1.4,5.0,45.0,0.1,3.7,0.0,12.2,29.903333333333336,20.8,5.7,12.3,0.6,1.0,22.1,33.0,246.0,26.3,103.9,349.9,2.5,16.9,0.7,1.7,2.4,6.5,51.0,0.1,3.3,0.3,11.7,30.096666666666664,27.1,25.4,17,34,1
2006-09-24,Bengals,Steelers,21.1,6.3,12.8,0.2,0.6,21.3,33.0,228.5,29.5,125.3,353.8,1.4,9.2,0.4,1.1,1.5,5.6,44.1,0.4,4.0,0.0,12.5,30.293333333333333,20.2,5.3,12.3,0.6,1.1,21.5,32.4,242.7,26.1,102.0,344.7,2.4,16.7,0.8,1.4,2.2,6.0,50.8,0.3,3.4,0.3,11.9,29.706666666666667,27.4,26.7,28,20,0
2006-10-01,Bengals,Patriots,20.1,6.0,12.9,0.3,0.7,21.2,33.0,221.0,28.5,124.5,345.5,1.8,11.2,0.4,1.3,1.7,5.6,43.2,0.6,4.0,0.0,12.7,29.565000000000005,21.2,5.5,12.5,0.8,1.2,21.4,33.2,250.0,27.4,107.2,357.2,2.4,14.9,0.9,1.7,2.6,5.5,49.3,0.5,3.5,0.3,12.0,30.435000000000002,28.1,27.8,38,13,0
2006-10-15,Bengals,Buccaneers,19.5,5.6,12.7,0.3,0.5,20.7,32.7,209.0,27.6,115.2,324.2,2.1,14.2,0.6,1.2,1.8,5.6,42.1,0.7,3.8,0.0,12.7,29.375,21.0,5.3,12.4,0.8,1.2,20.5,31.8,232.9,28.5,121.6,354.5,2.3,14.3,0.9,1.7,2.6,5.8,52.4,0.8,3.3,0.3,11.9,30.625,27.4,25.4,13,14,1
2006-10-22,Bengals,Panthers,18.6,5.4,13.0,0.3,0.6,20.9,33.4,204.0,26.4,107.0,311.0,2.3,15.1,0.4,1.1,1.5,6.1,46.0,0.7,3.5,0.0,12.5,28.84166666666667,20.8,5.2,12.6,0.8,1.2,21.2,33.0,231.4,27.7,120.9,352.3,2.2,13.1,0.8,1.6,2.4,5.8,50.8,1.0,3.3,0.3,11.7,31.15833333333334,25.8,22.6,14,17,1
2006-10-29,Bengals,Falcons,18.7,5.4,13.2,0.4,0.6,21.0,33.5,204.8,26.9,108.0,312.8,2.4,15.6,0.4,1.1,1.5,6.2,48.5,0.9,3.2,0.0,12.2,29.625,19.7,4.8,12.4,0.8,1.1,20.3,32.3,215.2,26.5,117.4,332.6,2.3,14.5,0.7,1.4,2.1,5.9,47.9,1.1,3.2,0.3,11.5,30.375,23.4,21.2,29,27,0
2006-11-05,Bengals,Ravens,19.1,5.2,13.0,0.3,0.5,22.1,34.4,221.3,25.3,96.8,318.1,2.6,16.4,0.5,1.0,1.5,6.0,48.2,1.1,3.0,0.0,12.0,28.991666666666664,20.7,5.0,12.5,0.8,1.1,20.6,32.6,230.5,27.7,123.3,353.8,2.3,14.5,0.7,1.3,2.0,6.1,50.9,1.2,3.2,0.3,11.6,31.008333333333333,24.3,21.6,20,26,1
2006-11-12,Bengals,Chargers,17.8,4.3,12.6,0.4,0.7,20.3,32.8,212.4,24.3,90.6,303.0,2.6,16.7,0.6,1.0,1.6,6.0,48.2,1.2,2.5,0.0,11.8,27.633333333333333,21.5,5.1,13.1,0.8,1.2,20.8,32.9,233.9,29.8,130.3,364.2,2.2,14.1,0.6,1.0,1.6,6.5,56.0,1.3,3.6,0.5,11.9,32.36666666666666,22.2,22.5,49,41,0
2006-11-19,Bengals,Saints,18.4,4.3,12.9,0.4,0.8,20.7,33.2,227.1,24.7,93.0,320.1,2.7,17.7,0.7,0.8,1.5,6.2,51.1,1.5,2.7,0.0,12.1,27.78333333333334,22.1,5.5,13.4,0.8,1.1,20.8,33.4,237.5,29.9,134.3,371.8,2.2,13.5,0.6,0.9,1.5,6.3,55.0,1.9,3.7,0.2,12.1,32.21666666666667,23.4,23.9,31,16,0
2006-11-26,Bengals,Browns,18.9,4.1,12.4,0.3,0.6,20.3,32.2,241.3,25.6,101.2,342.5,2.7,18.0,0.7,0.7,1.4,5.8,47.1,1.6,2.9,0.2,12.1,27.698333333333334,22.6,5.6,13.5,0.8,1.1,22.2,35.7,254.4,29.0,123.2,377.6,2.2,13.2,0.6,1.2,1.8,5.8,49.5,2.0,3.7,0.2,12.3,32.30166666666666,26.2,21.8,30,0,0
2006-11-30,Bengals,Ravens,20.1,4.4,12.5,0.4,0.7,21.7,33.7,259.3,25.9,98.4,357.7,2.7,17.3,0.6,0.8,1.4,6.1,50.6,1.9,3.1,0.2,12.1,28.676666666666666,21.7,5.5,13.2,0.5,0.9,21.7,35.1,252.0,27.9,117.0,369.0,1.9,11.2,0.5,1.5,2.0,6.2,54.8,1.9,3.5,0.2,12.3,31.323333333333334,26.9,20.8,7,13,1
2006-12-10,Bengals,Raiders,18.8,4.0,12.3,0.4,0.7,21.4,32.9,249.9,25.0,89.1,339.0,2.5,14.9,0.6,0.6,1.2,5.7,49.2,1.6,2.8,0.2,11.7,28.186666666666667,21.5,5.8,13.8,0.7,1.1,22.3,36.1,250.3,27.9,120.2,370.5,1.9,11.2,0.5,1.3,1.8,6.9,58.5,1.7,3.4,0.2,12.0,31.813333333333333,25.9,18.7,10,27,1
2006-12-18,Bengals,Colts,20.1,4.3,12.2,0.3,0.6,21.7,33.2,264.3,26.4,94.0,358.3,1.9,11.5,0.6,0.7,1.3,5.7,48.7,1.8,3.0,0.2,11.4,29.14666666666667,20.2,5.8,13.6,0.5,1.1,22.8,36.1,248.6,25.7,107.7,356.3,2.0,12.0,0.4,1.1,1.5,7.3,59.8,1.6,3.1,0.2,11.7,30.85333333333333,24.1,19.4,16,34,1
2006-12-24,Bengals,Broncos,20.4,4.3,12.2,0.4,0.7,21.1,32.5,258.0,27.7,100.2,358.2,1.9,10.9,0.5,0.7,1.2,5.0,42.3,1.8,3.3,0.2,11.2,29.233333333333338,20.3,5.7,13.3,0.4,1.1,24.2,37.1,258.0,24.5,95.3,353.3,2.1,12.0,0.5,1.0,1.5,7.1,57.2,1.7,3.2,0.2,11.4,30.766666666666662,21.9,21.5,23,24,1
2006-12-31,Bengals,Steelers,21.3,4.6,12.3,0.5,0.7,20.8,32.8,252.2,29.1,109.8,362.0,1.9,11.5,0.7,0.9,1.6,4.8,38.5,2.1,3.6,0.2,11.3,29.76,19.9,5.6,13.0,0.3,1.1,22.9,35.0,256.6,25.4,95.4,352.0,2.2,12.9,0.6,1.0,1.6,6.5,50.7,1.7,3.3,0.2,11.6,30.24,22.9,22.5,23,17,0
2007-09-10,Bengals,Ravens,20.6,4.5,12.0,0.4,0.6,20.5,32.7,254.3,27.7,103.0,357.3,1.7,10.5,0.7,0.9,1.6,4.9,37.0,2.0,3.5,0.2,11.2,28.393333333333334,21.1,6.0,13.0,0.3,1.1,22.8,34.4,262.4,28.3,110.1,372.5,2.0,11.3,0.7,1.0,1.7,6.4,56.7,1.8,3.5,0.2,11.5,31.761666666666667,23.8,22.5,20,27,1
2007-09-16,Bengals,Browns,19.7,4.4,12.3,0.4,0.6,20.1,32.3,246.6,28.2,101.2,347.8,1.6,11.0,0.8,0.9,1.7,5.0,38.1,2.0,3.5,0.4,11.8,28.871666666666663,20.6,5.5,13.0,0.4,1.2,23.1,35.7,255.4,27.0,106.5,361.9,2.0,11.4,1.1,1.2,2.3,6.5,57.8,1.8,3.6,0.3,11.8,31.28333333333333,22.9,22.5,45,51,1
2007-09-23,Bengals,Seahawks,21.4,4.8,12.4,0.4,0.5,22.2,34.7,267.8,28.6,105.6,373.4,1.5,10.5,0.8,0.9,1.7,4.9,35.6,2.3,3.8,0.4,12.1,29.745000000000005,20.8,5.6,12.8,0.4,1.2,23.0,35.9,263.7,26.2,116.2,379.9,2.0,11.4,1.1,1.3,2.4,6.3,54.2,1.9,3.4,0.1,11.9,30.410000000000004,25.4,25.0,21,24,1
2007-10-01,Bengals,Patriots,20.9,5.4,13.0,0.4,0.4,21.8,34.8,258.9,28.9,101.2,360.1,1.4,9.6,0.9,1.1,2.0,5.4,38.4,2.1,3.5,0.4,12.1,29.951666666666664,20.2,5.2,12.6,0.5,1.3,23.0,36.0,255.1,26.1,115.7,370.8,1.9,11.0,1.1,1.5,2.6,6.2,51.7,1.4,3.1,0.1,11.7,30.20333333333333,22.6,23.3,34,13,0
2007-10-14,Bengals,Chiefs,21.1,5.0,12.6,0.5,0.5,22.5,36.1,254.9,27.3,95.0,349.9,1.4,9.5,0.9,1.2,2.1,6.0,43.9,2.1,3.3,0.2,11.7,29.56666666666667,19.8,5.3,12.6,0.6,1.4,21.8,34.0,227.8,27.2,123.9,351.7,1.7,10.4,1.0,1.3,2.3,6.1,51.2,1.7,3.3,0.1,11.4,30.46333333333333,22.9,23.0,20,27,1
2007-10-21,Bengals,Jets,20.9,4.4,12.3,0.4,0.5,22.4,37.0,254.4,25.4,94.0,348.4,1.7,12.0,1.0,1.3,2.3,5.8,42.3,1.7,3.0,0.2,12.0,28.266666666666662,20.9,5.6,13.0,0.6,1.2,22.5,34.6,235.9,29.2,130.9,366.8,1.8,10.1,1.1,0.9,2.0,6.1,47.4,1.9,3.7,0.1,11.9,31.763333333333332,21.9,25.7,31,38,1
2007-10-28,Bengals,Steelers,22.1,4.7,12.0,0.4,0.5,21.7,35.9,253.5,27.2,105.0,358.5,1.6,12.1,1.0,1.4,2.4,6.2,45.8,2.1,3.3,0.4,11.9,28.738333333333333,21.3,5.3,12.5,0.6,1.1,21.9,33.4,239.0,29.8,130.4,369.4,2.0,11.5,1.1,1.0,2.1,5.7,47.2,2.0,3.8,0.1,12.0,31.291666666666664,24.3,28.2,24,13,0
2007-11-04,Bengals,Bills,20.8,4.6,12.0,0.5,0.6,21.9,36.1,243.7,25.4,100.5,344.2,1.6,12.1,1.0,1.1,2.1,5.9,42.8,1.8,3.2,0.4,11.6,27.89166666666667,22.2,5.4,12.2,0.5,0.8,21.5,32.1,244.2,31.5,141.9,386.1,1.7,9.4,1.0,1.0,2.0,5.4,45.4,2.2,3.9,0.1,11.9,32.138333333333335,25.7,26.8,21,33,1
2007-11-11,Bengals,Ravens,20.4,5.0,12.1,0.4,0.5,23.1,37.2,256.3,24.1,90.0,346.3,1.2,9.0,0.9,1.2,2.1,6.2,46.3,1.9,3.1,0.5,11.7,27.628333333333337,21.8,5.7,12.5,0.5,0.7,21.1,32.0,246.3,32.1,148.3,394.6,1.6,9.4,0.9,1.1,2.0,5.2,44.4,2.0,3.9,0.1,12.1,32.401666666666664,26.2,26.7,21,7,0
2007-11-18,Bengals,Cardinals,19.8,5.1,12.4,0.3,0.5,23.3,36.6,262.5,24.1,82.1,344.6,1.3,9.0,0.7,1.0,1.7,6.1,46.2,1.6,3.4,0.5,11.6,28.18333333333333,21.7,5.5,12.2,0.6,0.8,22.2,33.1,250.9,30.5,142.2,393.1,1.5,8.6,1.2,1.2,2.4,5.5,46.4,1.8,3.8,0.1,11.7,31.846666666666664,26.0,25.0,35,27,0
2007-11-25,Bengals,Titans,20.4,5.4,12.5,0.3,0.7,25.0,38.0,269.8,24.5,84.9,354.7,1.4,9.5,0.8,1.4,2.2,6.6,50.1,1.6,3.5,0.6,11.9,29.34166666666667,20.5,5.2,12.2,0.6,0.8,21.9,33.1,243.1,28.4,126.5,369.6,1.7,9.5,1.1,1.1,2.2,5.9,46.4,1.8,3.6,0.5,12.1,30.53333333333333,27.2,26.0,6,35,1
2007-12-02,Bengals,Steelers,22.1,6.5,13.0,0.3,0.7,26.2,38.6,279.5,25.8,94.2,373.7,1.4,8.7,0.6,1.5,2.1,6.5,49.5,1.9,3.8,0.4,11.2,30.42666666666667,19.5,5.2,11.9,0.5,0.9,21.6,32.2,246.8,27.7,121.9,368.7,1.6,8.2,0.8,1.0,1.8,5.5,43.3,1.7,3.7,0.4,11.8,29.448333333333334,25.8,26.8,10,24,1
2007-12-09,Bengals,Rams,20.3,6.8,13.7,0.2,0.9,24.6,38.0,257.6,25.5,87.9,345.5,1.4,8.8,0.6,1.3,1.9,7.0,52.5,1.6,3.6,0.4,11.1,29.881666666666668,19.2,5.2,12.0,0.5,0.8,21.7,32.1,232.4,28.2,109.4,341.8,1.6,8.2,1.0,1.1,2.1,5.6,42.5,1.8,3.8,0.4,11.7,29.993333333333332,22.3,24.1,10,19,1
2007-12-15,Bengals,49ers,19.7,6.4,13.4,0.2,0.9,24.0,36.6,242.6,26.1,98.7,341.3,1.3,8.5,0.4,1.3,1.7,6.4,47.3,1.6,3.8,0.4,11.0,29.886666666666667,18.3,5.0,12.1,0.6,0.9,21.0,31.2,223.9,28.1,108.0,331.9,1.4,7.2,1.1,1.0,2.1,5.7,45.8,1.7,3.6,0.6,11.7,29.988333333333333,21.2,23.6,13,20,1
2007-12-23,Bengals,Browns,19.5,6.7,13.7,0.2,1.0,23.8,36.2,245.2,26.5,99.1,344.3,1.2,7.7,0.4,1.1,1.5,5.7,42.3,1.5,3.9,0.4,10.9,30.028333333333336,18.0,5.2,12.4,0.5,0.9,20.6,30.8,218.9,28.4,106.3,325.2,1.6,8.8,1.1,0.9,2.0,5.7,45.3,1.5,3.4,0.6,11.5,29.97166666666667,19.1,24.3,14,19,1
2007-12-30,Bengals,Dolphins,18.8,7.1,13.8,0.2,0.9,22.3,34.0,227.2,28.0,106.8,334.0,0.8,5.2,0.4,1.1,1.5,5.5,39.8,1.7,4.0,0.4,10.7,30.235000000000003,18.5,5.3,12.2,0.6,1.3,21.0,32.1,220.0,27.6,107.8,327.8,1.2,6.4,0.9,1.3,2.2,5.2,43.1,1.5,3.5,0.6,11.2,29.764999999999997,18.5,23.5,38,25,0
2008-09-07,Bengals,Ravens,18.5,6.9,13.8,0.2,0.9,23.2,35.1,237.0,26.3,96.8,333.8,0.7,4.4,0.4,1.1,1.5,4.9,34.8,1.6,3.9,0.4,11.0,29.676666666666666,18.7,5.6,12.4,0.4,1.1,21.7,33.2,219.2,27.5,108.0,327.2,1.1,5.8,0.9,1.2,2.1,5.2,42.4,1.7,3.5,0.6,11.2,30.32333333333333,19.2,22.2,10,17,1
2008-09-14,Bengals,Titans,17.8,6.5,14.0,0.1,1.0,21.8,34.4,224.9,26.6,94.7,319.6,0.9,5.4,0.4,1.2,1.6,5.2,37.8,1.5,3.6,0.6,11.8,29.323333333333334,18.5,5.7,13.0,0.4,1.2,21.3,33.5,209.1,28.8,114.9,324.0,1.0,5.8,1.1,1.1,2.2,5.7,46.2,1.4,3.3,0.6,11.8,30.676666666666666,17.8,22.6,24,7,0
2008-09-21,Bengals,Giants,17.3,6.2,14.1,0.3,1.2,20.8,33.2,210.5,27.7,100.7,311.2,1.0,6.1,0.4,1.3,1.7,5.2,36.8,1.4,3.5,0.5,12.0,29.636666666666667,17.8,5.3,13.0,0.4,1.4,20.2,32.1,190.6,29.4,115.0,305.6,1.1,6.8,1.2,1.0,2.2,5.9,46.2,1.4,3.1,0.7,11.9,30.363333333333333,18.1,20.0,23,26,1
2008-09-28,Bengals,Browns,18.0,6.5,14.0,0.3,1.1,21.2,33.7,209.4,27.0,103.9,313.3,1.3,8.7,0.4,1.3,1.7,5.3,38.0,1.5,3.2,0.5,11.9,29.39166666666667,18.6,5.5,13.2,0.3,1.2,20.5,33.0,198.9,30.1,120.1,319.0,0.9,5.7,0.8,0.8,1.6,5.9,47.2,1.6,3.4,0.7,12.0,31.243333333333332,18.3,21.9,20,12,0
2008-10-05,Bengals,Cowboys,17.3,6.1,13.9,0.3,0.9,19.6,32.0,191.2,26.6,103.6,294.8,1.5,9.6,0.5,1.2,1.7,4.8,35.6,1.5,3.0,0.4,11.6,28.74333333333333,18.8,5.7,13.4,0.3,1.3,20.4,32.6,191.9,31.7,128.5,320.4,0.7,5.4,0.9,0.9,1.8,5.7,42.3,1.6,3.6,0.3,11.7,31.89166666666667,16.8,20.4,22,31,1
2008-10-12,Bengals,Jets,16.1,5.3,13.5,0.3,1.0,18.7,32.1,184.2,25.3,94.9,279.1,1.6,10.0,0.6,1.2,1.8,5.1,36.5,1.2,2.7,0.4,11.9,27.718333333333334,19.6,6.4,13.9,0.4,1.2,19.9,31.8,185.0,33.7,142.2,327.2,0.7,5.3,0.9,0.9,1.8,5.7,42.0,1.8,3.4,0.3,11.8,32.91666666666667,18.4,20.0,14,26,1
2008-10-19,Bengals,Steelers,15.9,5.0,13.2,0.5,0.9,19.0,31.0,179.5,25.1,91.8,271.3,2.0,11.6,0.6,1.2,1.8,4.7,34.3,1.2,2.5,0.6,11.7,27.6,19.5,6.4,13.9,0.5,1.3,20.3,31.9,183.2,32.9,140.7,323.9,0.9,7.6,0.8,0.9,1.7,5.4,40.8,1.8,3.4,0.3,11.6,33.035,18.8,20.2,38,10,0
2008-10-26,Bengals,Texans,15.7,4.7,13.3,0.7,1.1,19.3,32.0,174.5,23.7,81.0,255.5,2.6,15.2,0.7,1.0,1.7,4.7,37.8,1.2,2.3,0.6,11.7,27.2,20.5,6.7,13.8,0.3,1.1,20.6,32.2,192.9,33.2,144.4,337.3,0.9,7.6,0.7,0.8,1.5,5.3,37.0,2.2,3.8,0.1,11.6,33.435,21.6,19.3,6,35,1
2008-11-02,Bengals,Jaguars,15.8,5.2,13.7,0.6,0.9,19.4,32.1,164.1,24.0,85.4,249.5,2.8,15.9,0.8,1.2,2.0,5.3,41.4,1.2,2.3,0.6,11.7,27.28,20.6,6.8,13.6,0.3,1.0,20.9,32.2,202.3,32.6,139.7,342.0,0.8,6.5,0.7,0.8,1.5,5.7,41.0,2.2,3.6,0.2,11.7,33.355,20.9,20.8,19,21,1
2008-11-20,Bengals,Steelers,16.3,5.3,13.8,0.6,0.9,20.4,33.1,167.9,23.6,85.8,253.7,3.0,16.8,0.8,1.1,1.9,5.4,41.9,1.3,2.3,0.6,11.6,27.621666666666663,19.9,6.5,13.5,0.2,0.6,20.3,31.2,199.3,32.1,132.9,332.2,1.0,7.3,0.7,0.5,1.2,6.5,46.3,2.1,3.3,0.4,11.6,33.013333333333335,21.4,21.0,10,27,1
2008-11-30,Bengals,Ravens,15.1,5.2,14.3,0.6,1.0,20.1,33.6,152.8,23.2,82.4,235.2,3.1,17.1,0.8,1.1,1.9,5.3,41.4,1.1,2.2,0.4,11.4,27.256666666666668,19.8,6.6,13.6,0.3,0.7,19.3,30.0,198.6,33.3,136.4,335.0,0.9,6.5,0.7,0.5,1.2,6.4,44.8,2.1,3.4,0.4,11.7,33.37833333333334,18.6,21.2,34,3,0
2008-12-07,Bengals,Colts,14.9,5.2,14.5,0.6,0.9,20.4,34.5,154.2,22.4,81.1,235.3,3.3,18.7,0.7,1.1,1.8,5.1,38.9,1.1,2.2,0.2,11.5,26.985000000000003,19.7,6.5,13.6,0.3,0.6,19.8,30.1,216.1,33.0,128.2,344.3,1.1,7.3,0.5,0.5,1.0,5.9,42.0,2.2,3.5,0.6,11.6,33.65,21.0,19.8,3,35,1
2008-12-14,Bengals,Commanders,15.5,5.5,14.6,0.4,0.7,21.0,35.0,158.5,22.0,80.5,239.0,3.7,21.0,0.8,1.2,2.0,4.9,37.7,1.0,2.1,0.2,11.2,27.53,20.1,6.5,13.1,0.4,0.5,21.0,31.2,232.0,30.9,116.2,348.2,1.0,6.3,0.5,0.5,1.0,5.7,41.6,2.4,3.7,0.7,11.2,33.105,18.9,22.6,13,20,1
2008-12-21,Bengals,Browns,14.8,4.9,14.3,0.5,0.8,19.9,34.0,154.4,22.6,80.9,235.3,3.3,17.4,0.8,1.2,2.0,4.7,36.1,1.1,2.0,0.2,11.3,27.318333333333335,19.2,6.4,13.3,0.4,0.5,20.1,29.7,219.8,31.6,115.8,335.6,1.0,6.3,0.7,0.5,1.2,6.0,45.1,2.3,3.6,0.7,11.2,32.681666666666665,17.9,22.0,14,0,0
2008-12-28,Bengals,Chiefs,14.6,5.2,14.4,0.5,0.8,18.3,31.4,145.7,25.6,93.1,238.8,3.0,16.0,0.7,0.9,1.6,4.3,32.6,1.1,2.1,0.4,11.2,27.9,18.6,6.3,13.2,0.4,0.5,19.8,29.5,211.2,30.5,116.5,327.7,1.2,8.3,0.6,0.8,1.4,6.0,46.4,2.1,3.2,0.7,11.1,32.1,17.3,20.8,6,16,1
2009-09-13,Bengals,Broncos,15.1,5.3,14.6,0.5,0.8,17.8,30.5,137.4,27.2,107.4,244.8,2.9,15.5,0.6,0.8,1.4,4.0,32.5,1.0,2.1,0.4,11.0,28.839999999999996,18.2,5.8,13.0,0.3,0.5,20.3,30.8,212.6,28.2,99.8,312.4,1.2,8.4,0.6,0.7,1.3,6.0,48.5,2.0,3.0,0.7,10.8,31.159999999999997,15.7,19.3,12,7,0
2009-09-20,Bengals,Packers,15.4,5.3,14.6,0.4,0.8,17.9,30.5,146.7,27.8,111.7,258.4,2.7,15.7,0.5,1.0,1.5,4.0,32.9,1.0,2.2,0.2,11.0,29.714999999999996,17.3,5.4,12.8,0.2,0.4,19.5,30.3,218.7,27.5,98.7,317.4,1.3,7.7,0.5,0.5,1.0,6.2,49.9,1.8,2.7,0.7,10.9,30.285000000000004,15.5,17.4,31,24,0
2009-09-27,Bengals,Steelers,15.7,5.8,14.4,0.2,0.6,17.0,28.9,150.7,29.0,118.4,269.1,2.2,12.7,0.4,1.2,1.6,4.9,37.4,1.3,2.4,0.2,11.0,30.15333333333333,17.5,5.4,12.9,0.2,0.4,19.6,31.1,215.9,26.6,95.1,311.0,1.9,11.6,0.6,0.5,1.1,7.0,56.0,1.6,2.5,0.9,10.9,29.846666666666664,14.8,18.8,20,23,1
2009-10-04,Bengals,Browns,16.0,5.3,14.2,0.5,0.9,17.0,29.4,153.2,28.7,117.9,271.1,2.2,13.0,0.3,1.0,1.3,4.6,35.3,1.5,2.5,0.4,11.2,30.201666666666664,16.9,5.0,12.8,0.2,0.5,19.4,31.4,215.5,26.3,94.4,309.9,1.9,11.6,0.6,0.6,1.2,6.8,55.6,1.5,2.7,0.8,11.0,29.798333333333336,16.2,17.6,23,20,0
2009-10-11,Bengals,Ravens,16.1,5.2,14.7,0.8,1.2,17.2,30.7,160.0,28.8,117.4,277.4,2.2,13.0,0.3,1.0,1.3,4.7,36.0,1.4,2.6,0.6,11.6,30.771666666666665,17.3,5.1,13.4,0.3,0.6,19.7,32.4,219.0,27.5,102.2,321.2,1.8,12.1,0.7,0.6,1.3,6.1,51.4,1.6,3.0,0.6,11.4,30.72166666666667,16.6,17.5,17,14,0
2009-10-18,Bengals,Texans,17.2,5.3,14.5,0.9,1.2,17.0,30.1,169.6,30.2,127.3,296.9,2.2,13.7,0.4,1.0,1.4,5.2,38.4,1.4,2.6,0.6,11.6,31.73666666666666,16.5,4.8,13.1,0.2,0.6,20.2,32.5,212.2,25.6,98.3,310.5,2.0,13.2,0.6,0.8,1.4,6.7,55.0,1.3,2.7,0.8,11.3,29.756666666666668,17.3,16.2,28,17,0
2009-10-25,Bengals,Bears,18.0,5.6,14.2,0.9,1.1,18.1,30.3,184.8,30.3,126.2,311.0,1.9,12.0,0.6,1.0,1.6,5.3,41.4,1.6,2.7,0.6,11.5,32.00833333333333,17.1,4.7,12.8,0.3,0.7,21.0,33.5,220.3,24.4,92.3,312.6,2.0,13.1,0.7,0.9,1.6,7.1,58.0,1.4,2.8,0.6,11.3,29.485000000000003,16.7,17.6,10,45,1
2009-11-08,Bengals,Ravens,19.3,5.8,14.0,0.9,1.2,17.9,29.5,191.1,32.4,139.5,330.6,1.4,9.0,0.5,0.7,1.2,5.3,41.1,2.2,3.3,0.6,11.4,32.35666666666667,16.6,4.8,13.0,0.3,0.8,21.1,34.2,217.0,23.6,90.1,307.1,2.1,14.1,0.7,1.2,1.9,7.4,60.3,1.1,2.5,0.4,11.6,29.136666666666667,17.4,18.6,7,17,1
2009-11-15,Bengals,Steelers,19.6,6.2,14.4,0.8,1.3,18.3,29.9,193.0,33.0,143.5,336.5,1.3,8.6,0.6,0.7,1.3,5.3,41.0,2.2,3.3,0.6,11.3,33.24333333333333,16.7,4.5,12.6,0.3,0.9,21.2,34.6,216.3,22.1,84.3,300.6,2.5,17.6,0.5,1.4,1.9,7.2,60.8,1.1,2.2,0.4,11.7,28.25,16.8,18.3,18,12,0
2009-11-22,Bengals,Raiders,19.8,5.9,14.4,0.8,1.3,19.6,32.0,203.2,31.3,130.5,333.7,1.5,10.7,0.5,0.7,1.2,5.8,47.7,2.2,3.5,0.5,11.5,32.97833333333333,17.0,4.4,12.9,0.4,1.0,22.0,36.4,226.8,21.0,78.2,305.0,2.6,17.3,0.5,1.1,1.6,6.8,59.3,1.1,2.6,0.4,11.7,28.515000000000004,17.2,19.5,17,20,1
2009-11-29,Bengals,Browns,19.8,5.8,14.1,0.8,1.2,19.2,31.2,207.8,31.7,127.8,335.6,1.7,13.9,0.8,0.8,1.6,6.2,49.3,2.3,3.7,0.5,11.6,33.053333333333335,17.2,4.4,12.7,0.5,1.0,21.8,36.2,226.2,21.9,84.3,310.5,2.5,17.1,0.6,1.2,1.8,6.5,53.3,1.1,2.7,0.4,12.0,28.439999999999998,18.3,19.9,7,16,1
2009-12-06,Bengals,Lions,20.3,6.1,14.3,0.7,1.0,18.4,30.3,195.3,33.5,140.2,335.5,1.7,12.7,0.8,0.6,1.4,6.8,54.1,2.3,3.8,0.5,11.7,33.52666666666667,17.3,4.5,12.9,0.6,1.2,21.7,36.9,214.6,21.7,82.6,297.2,2.3,16.2,0.6,1.2,1.8,6.3,52.4,1.1,2.7,0.4,11.8,27.96666666666667,17.8,20.8,13,23,1
2009-12-13,Bengals,Vikings,20.6,5.8,14.5,0.8,1.1,18.6,30.9,198.7,34.5,137.0,335.7,1.7,12.8,0.9,0.6,1.5,6.4,51.6,1.9,3.6,0.7,11.7,34.026666666666664,16.5,4.1,12.7,0.6,1.3,20.9,35.9,208.9,21.9,81.7,290.6,2.0,15.0,0.5,1.4,1.9,5.9,49.3,1.0,2.5,0.2,11.9,27.46666666666667,16.0,20.7,10,30,1
2009-12-20,Bengals,Chargers,20.0,6.1,14.7,0.5,0.8,18.2,30.0,190.5,35.0,138.9,329.4,1.6,13.0,1.0,0.6,1.6,7.1,57.1,1.8,3.5,0.5,11.7,34.27166666666666,16.9,4.3,12.9,0.6,1.2,20.4,35.8,199.8,22.8,85.7,285.5,2.1,15.7,0.5,1.4,1.9,6.3,51.1,1.2,2.6,0.2,12.1,27.22166666666667,15.0,21.4,24,27,1
2009-12-27,Bengals,Chiefs,19.8,6.3,14.4,0.2,0.5,18.6,29.6,197.7,34.1,134.9,332.6,1.6,14.2,0.9,0.6,1.5,7.4,58.0,1.7,3.5,0.3,11.3,33.84666666666667,16.7,4.2,12.1,0.5,1.1,20.2,34.8,204.5,21.5,78.1,282.6,2.1,14.9,0.4,1.5,1.9,6.2,49.7,1.1,2.3,0.2,11.8,26.153333333333336,15.1,22.1,10,17,1
2010-01-03,Bengals,Jets,19.3,6.5,14.6,0.1,0.4,18.5,29.0,184.6,34.3,135.1,319.7,1.6,14.1,0.8,0.6,1.4,7.3,57.7,1.8,3.5,0.3,11.4,33.80166666666666,17.2,4.6,12.5,0.5,1.1,20.2,35.4,204.2,22.5,82.2,286.4,2.0,14.6,0.4,1.5,1.9,5.8,46.1,1.1,2.3,0.0,11.9,26.198333333333334,14.4,22.4,0,37,1
2010-09-12,Bengals,Patriots,18.4,6.1,14.5,0.2,0.5,16.6,27.4,159.6,34.4,137.7,297.3,1.8,16.3,0.8,0.6,1.4,7.6,57.6,1.6,3.5,0.3,11.0,33.303333333333335,16.7,5.0,12.9,0.5,1.1,18.2,33.0,172.0,25.1,99.2,271.2,1.8,13.9,0.3,1.4,1.7,5.5,42.1,1.2,2.4,0.0,11.8,26.69666666666667,11.6,24.4,24,38,1
2010-09-19,Bengals,Ravens,18.0,6.1,14.8,0.5,0.7,18.0,30.0,170.4,32.4,124.9,295.3,1.9,16.7,0.9,0.7,1.6,7.5,56.1,1.2,3.0,0.3,11.2,32.85,17.2,5.4,13.2,0.4,1.0,18.0,32.6,173.4,26.2,107.5,280.9,1.7,12.9,0.2,1.1,1.3,5.5,40.7,1.4,2.7,0.3,11.6,27.15,13.0,23.7,10,15,1
2010-09-26,Bengals,Panthers,17.4,5.6,14.8,0.5,0.5,17.6,30.2,164.0,31.6,119.7,283.7,1.9,17.4,0.8,0.7,1.5,7.8,57.7,1.0,3.1,0.3,11.5,32.276666666666664,17.0,5.7,13.7,0.4,1.0,17.9,33.3,172.4,26.8,112.9,285.3,1.4,9.8,0.2,1.3,1.5,5.3,37.2,1.3,2.7,0.3,11.8,27.723333333333336,13.3,23.5,20,7,0
2010-10-03,Bengals,Browns,18.1,5.7,15.1,0.7,0.7,17.7,30.9,166.8,32.4,125.6,292.4,1.8,16.3,0.8,0.9,1.7,7.9,56.4,1.1,3.1,0.2,11.7,33.0,17.1,5.6,13.3,0.3,1.0,17.5,32.6,175.8,27.4,113.6,289.4,1.1,7.8,0.5,1.3,1.8,5.4,36.7,1.4,2.5,0.3,12.0,27.0,13.5,23.0,20,23,1
2010-10-10,Bengals,Buccaneers,17.9,5.6,14.9,0.7,0.7,18.8,32.3,184.3,29.9,114.6,298.9,1.9,15.2,0.7,0.8,1.5,7.9,58.4,1.0,2.9,0.2,11.6,32.08333333333333,17.6,5.8,13.6,0.2,0.9,17.6,32.2,175.4,28.5,116.0,291.4,1.2,8.3,0.3,1.3,1.6,5.8,39.8,1.4,2.7,0.3,12.0,27.916666666666664,13.8,23.3,24,21,0
2010-10-24,Bengals,Falcons,17.8,5.2,14.5,0.7,0.7,19.6,33.5,195.6,28.2,108.5,304.1,1.6,13.8,0.8,1.1,1.9,7.8,56.9,1.0,2.9,0.2,11.7,31.22333333333333,18.6,5.9,13.3,0.1,0.7,18.2,32.2,190.9,28.9,122.7,313.6,1.4,9.4,0.5,1.4,1.9,5.7,39.3,1.4,2.9,0.5,12.3,28.776666666666664,15.5,23.8,32,39,1
2010-10-31,Bengals,Dolphins,18.4,5.3,14.1,0.6,0.6,21.5,35.6,213.9,25.9,105.0,318.9,1.7,14.7,0.8,0.9,1.7,7.6,53.0,1.3,3.2,0.2,11.6,30.380000000000003,19.4,6.4,13.5,0.2,0.7,19.3,32.6,204.3,29.9,130.0,334.3,1.1,6.7,0.6,1.3,1.9,5.3,38.9,1.7,3.3,0.5,12.1,29.619999999999997,17.4,25.4,22,14,0
2010-11-08,Bengals,Steelers,18.7,5.3,14.3,0.7,0.7,21.6,36.6,220.4,26.1,103.7,324.1,1.6,13.5,0.7,1.0,1.7,6.9,48.1,1.3,3.1,0.2,11.7,30.256666666666668,19.3,6.1,13.6,0.2,0.7,20.0,33.3,208.0,29.3,129.5,337.5,0.9,5.5,0.7,1.3,2.0,4.8,36.2,1.5,3.1,0.5,12.2,29.743333333333332,18.6,23.8,27,21,0
2010-11-14,Bengals,Colts,18.6,4.9,14.0,0.7,0.8,21.1,36.2,212.9,25.8,97.7,310.6,1.8,14.4,0.8,1.0,1.8,6.3,45.6,1.4,3.0,0.2,11.8,29.84833333333333,18.7,6.2,13.9,0.2,0.7,19.4,32.3,197.7,30.5,134.6,332.3,0.8,5.2,0.8,1.2,2.0,5.1,40.5,1.6,3.2,0.5,12.4,30.151666666666664,18.9,23.2,17,23,1
2010-11-21,Bengals,Bills,18.8,4.7,13.8,0.8,0.9,22.5,37.9,226.8,24.2,90.5,317.3,2.0,15.8,1.0,1.2,2.2,6.1,45.8,1.4,3.0,0.2,11.9,29.880000000000003,18.6,6.0,13.8,0.2,0.6,19.2,32.2,198.5,29.9,129.9,328.4,0.9,4.9,0.8,1.0,1.8,5.0,41.0,1.7,3.4,0.7,12.4,30.119999999999997,19.6,23.8,49,31,0
2010-11-25,Bengals,Jets,20.9,5.5,14.3,0.9,1.0,24.3,39.7,249.6,25.4,96.6,346.2,1.9,14.7,0.9,1.3,2.2,6.1,47.1,1.7,3.3,0.4,12.1,31.218333333333334,18.8,5.4,13.0,0.2,0.6,20.5,34.0,223.0,26.7,118.3,341.3,1.0,5.7,0.8,1.2,2.0,5.6,44.8,1.6,3.2,0.9,12.2,28.781666666666666,24.5,23.2,10,26,1
2010-12-05,Bengals,Saints,19.6,5.1,14.3,0.6,0.7,22.6,38.6,227.2,24.9,92.5,319.7,2.1,16.1,0.9,1.4,2.3,6.1,49.1,1.6,3.4,0.4,12.4,30.686666666666667,18.6,4.8,13.0,0.2,0.5,19.6,33.3,212.1,28.1,123.5,335.6,1.2,7.4,0.8,1.3,2.1,5.8,48.2,1.4,2.9,0.7,12.7,29.313333333333333,23.1,22.0,34,30,0
2010-12-12,Bengals,Steelers,20.3,5.3,13.9,0.8,1.0,23.3,38.4,232.8,24.4,92.7,325.5,2.3,18.7,0.9,1.4,2.3,5.9,47.8,1.9,3.6,0.4,12.1,30.515000000000004,19.1,4.5,12.3,0.2,0.4,20.3,32.3,226.1,28.0,127.2,353.3,1.3,9.3,0.8,1.0,1.8,6.4,53.7,1.6,3.1,0.7,12.3,29.485000000000003,25.5,23.5,7,23,1
2010-12-19,Bengals,Browns,19.6,5.0,13.0,0.7,0.9,23.4,37.9,229.9,22.1,84.1,314.0,2.5,19.9,0.9,1.5,2.4,5.5,42.9,1.8,3.4,0.4,11.7,29.426666666666666,19.2,5.0,12.7,0.2,0.2,20.8,32.3,231.2,28.3,130.8,362.0,1.6,11.2,0.5,0.9,1.4,6.7,58.1,1.5,3.2,1.1,11.9,30.573333333333334,24.2,25.1,17,19,1
2010-12-26,Bengals,Chargers,19.7,5.1,13.2,0.7,1.0,22.3,36.6,216.2,24.8,96.2,312.4,2.1,17.4,0.7,1.5,2.2,5.3,40.5,1.8,3.5,0.4,11.6,30.30833333333333,18.5,4.6,12.1,0.2,0.2,20.9,31.8,235.2,26.2,125.1,360.3,1.9,13.1,0.5,0.8,1.3,6.3,56.2,1.4,2.9,1.1,11.5,29.69166666666667,23.9,24.7,20,34,1
2011-01-02,Bengals,Ravens,19.5,5.5,13.3,0.8,1.2,21.8,35.1,222.2,25.8,91.5,313.7,2.1,17.4,0.7,1.2,1.9,5.0,40.2,2.1,3.6,0.4,11.5,30.365,18.7,4.7,12.3,0.2,0.3,21.4,32.3,233.5,26.2,119.0,352.5,1.7,12.0,0.4,0.8,1.2,6.1,54.2,1.4,2.9,0.9,11.4,29.635,23.5,26.0,7,13,1
2011-09-11,Bengals,Browns,18.7,5.5,13.8,0.8,1.4,21.4,34.6,214.2,26.8,92.1,306.3,1.8,14.7,0.9,1.4,2.3,4.7,41.5,1.9,3.5,0.2,11.7,30.798333333333336,17.5,4.2,12.1,0.1,0.2,20.4,30.9,213.7,25.9,113.5,327.2,2.1,14.4,0.4,0.8,1.2,6.5,54.6,1.1,2.6,0.9,11.7,29.20166666666667,21.0,23.4,27,17,0
2011-09-18,Bengals,Broncos,18.8,5.6,13.9,0.7,1.3,21.2,33.5,214.1,27.5,95.4,309.5,2.2,16.5,0.9,1.3,2.2,4.6,40.1,1.9,3.6,0.2,12.0,31.185000000000002,17.2,4.1,12.1,0.2,0.4,19.9,31.2,212.2,25.4,108.1,320.3,2.3,15.5,0.3,0.8,1.1,7.2,57.6,1.1,2.5,0.9,11.8,28.814999999999998,21.5,23.7,22,24,1
2011-09-25,Bengals,49ers,18.8,5.4,13.8,0.7,1.4,21.7,34.0,223.3,27.7,97.2,320.5,2.0,15.7,0.8,1.2,2.0,5.0,44.0,1.9,3.7,0.2,12.1,31.39166666666667,17.7,4.0,11.9,0.2,0.4,19.6,30.9,211.6,25.8,109.1,320.7,2.4,15.4,0.4,0.7,1.1,7.2,55.8,1.0,2.4,0.9,11.6,28.608333333333338,21.0,24.0,13,8,0
2011-10-02,Bengals,Bills,18.3,5.0,13.5,0.6,1.3,20.3,33.0,211.3,27.7,97.9,309.2,1.8,14.2,0.7,1.1,1.8,5.2,44.2,1.7,3.6,0.2,12.0,30.440000000000005,17.7,4.0,12.0,0.2,0.5,19.6,30.3,211.2,26.5,106.5,317.7,2.7,17.4,0.5,0.7,1.2,7.9,58.3,1.0,2.3,0.7,11.7,29.560000000000002,20.6,22.5,20,23,1
2011-10-09,Bengals,Jaguars,18.2,4.6,13.1,0.4,1.1,19.9,32.9,217.2,27.9,101.7,318.9,1.8,13.3,0.6,1.1,1.7,4.8,40.0,1.6,3.5,0.0,12.2,30.359999999999996,16.6,3.9,12.4,0.1,0.4,19.5,30.3,199.4,26.1,100.7,300.1,2.7,17.5,0.5,0.5,1.0,7.3,55.1,0.9,2.2,0.7,11.8,29.639999999999997,17.7,21.7,30,20,0
2011-10-16,Bengals,Colts,18.2,5.0,13.5,0.6,1.4,20.3,32.3,221.7,29.0,104.8,326.5,1.7,13.2,0.5,1.0,1.5,5.0,40.8,1.8,3.5,0.2,12.2,30.96333333333333,16.0,4.2,12.7,0.1,0.4,19.4,30.3,204.5,25.1,93.3,297.8,2.8,17.9,0.7,0.4,1.1,6.7,50.2,0.9,2.3,0.6,11.7,29.03666666666666,19.7,21.1,17,27,1
2011-10-30,Bengals,Seahawks,17.8,5.1,13.5,0.4,1.1,20.5,32.2,226.6,29.5,104.6,331.2,1.4,9.8,0.5,1.0,1.5,5.4,47.6,1.7,3.3,0.4,12.3,31.068333333333335,15.9,4.7,13.1,0.1,0.4,19.3,30.8,193.4,25.2,88.1,281.5,2.7,16.5,0.9,0.4,1.3,5.8,41.3,0.9,2.2,0.6,11.7,28.931666666666665,18.0,20.8,34,12,0
2011-11-06,Bengals,Titans,18.2,5.5,14.1,0.3,1.0,20.3,31.9,227.0,30.8,110.4,337.4,1.2,8.4,0.5,0.9,1.4,5.7,51.6,1.7,3.3,0.7,12.5,31.665000000000003,16.1,4.5,13.1,0.2,0.6,19.7,32.2,205.3,24.5,81.9,287.2,2.7,16.3,1.0,0.5,1.5,6.0,40.4,1.0,2.2,0.2,12.2,28.335,20.7,19.7,24,17,0
2011-11-13,Bengals,Steelers,18.0,5.7,14.4,0.3,0.9,21.1,33.5,227.1,29.3,102.5,329.6,1.3,9.1,0.5,0.9,1.4,6.0,54.8,1.9,3.3,0.7,12.8,31.151666666666664,16.6,4.8,13.7,0.3,0.7,20.2,33.8,208.4,25.1,83.8,292.2,2.5,16.1,1.1,0.5,1.6,6.4,47.9,1.2,2.3,0.2,12.6,28.848333333333336,21.4,19.5,24,17,0
2011-11-20,Bengals,Ravens,17.6,5.3,14.1,0.2,0.7,21.0,34.4,217.2,28.1,103.2,320.4,1.3,9.1,0.4,1.1,1.5,5.8,52.6,1.6,3.0,0.7,12.8,30.748333333333335,16.7,4.7,13.6,0.3,0.6,19.6,33.1,205.8,25.9,87.9,293.7,2.9,17.6,1.0,0.5,1.5,6.7,50.5,1.4,2.4,0.2,12.7,29.251666666666665,21.8,17.8,24,31,1
2011-11-27,Bengals,Browns,17.9,5.1,13.9,0.2,0.6,20.2,34.5,223.1,28.0,106.1,329.2,1.5,10.0,0.1,1.2,1.3,6.0,52.0,1.7,3.0,0.7,13.0,30.566666666666663,17.0,5.0,13.9,0.3,0.6,19.9,33.9,222.5,26.0,88.6,311.1,2.6,15.4,0.9,0.5,1.4,6.6,52.9,1.5,2.5,0.2,12.9,29.43333333333333,23.5,19.6,20,23,1
2011-12-04,Bengals,Steelers,18.0,5.0,13.6,0.2,0.7,20.8,34.9,233.3,27.9,105.4,338.7,1.3,9.5,0.2,1.2,1.4,6.2,53.3,1.7,3.2,0.7,12.8,30.685000000000002,17.0,5.2,13.9,0.2,0.5,19.6,33.3,216.3,26.4,93.7,310.0,2.6,15.4,0.9,0.5,1.4,5.8,47.2,1.5,2.5,0.2,12.8,29.315000000000005,22.8,20.2,7,35,1
2011-12-11,Bengals,Texans,17.5,5.1,13.6,0.3,0.6,19.5,33.8,215.1,28.1,108.6,323.7,1.4,9.7,0.3,1.3,1.6,6.5,57.3,1.6,3.0,0.7,12.6,30.436666666666667,17.3,4.9,13.7,0.2,0.5,19.6,33.1,213.5,26.1,94.2,307.7,2.7,16.3,0.7,0.5,1.2,5.5,44.6,1.8,2.7,0.3,12.7,29.563333333333333,21.3,21.3,20,19,0
2011-12-18,Bengals,Rams,17.7,5.5,13.9,0.4,0.7,19.4,33.4,218.6,29.0,110.8,329.4,1.4,9.4,0.4,1.1,1.5,6.2,56.0,1.7,3.1,0.7,12.4,30.796666666666663,18.2,5.3,13.8,0.2,0.5,20.2,34.5,222.7,26.0,103.6,326.3,2.7,17.0,0.9,0.6,1.5,4.8,42.6,1.9,2.9,0.3,12.6,29.20333333333333,22.0,22.4,20,13,0
2011-12-24,Bengals,Cardinals,17.1,5.3,13.8,0.4,0.8,19.1,32.4,207.2,29.2,104.7,311.9,1.3,8.9,0.4,1.0,1.4,7.0,64.6,1.7,3.1,0.7,12.3,30.666666666666668,18.8,5.1,13.7,0.2,0.6,20.7,34.7,224.7,26.3,104.8,329.5,2.9,18.0,0.9,0.6,1.5,5.4,50.9,1.8,2.9,0.1,12.7,29.333333333333336,22.0,21.4,16,23,1
2012-01-01,Bengals,Ravens,17.9,5.0,13.3,0.2,0.5,18.8,32.2,204.6,29.5,113.5,318.1,1.3,9.0,0.6,0.9,1.5,7.2,66.0,1.6,3.4,0.5,12.4,30.576666666666664,19.3,4.9,13.5,0.3,0.8,21.5,36.3,230.4,25.4,101.1,331.5,3.1,19.9,0.7,0.9,1.6,5.8,58.1,1.8,2.9,0.1,12.8,29.423333333333336,20.6,21.7,24,16,0
2012-09-10,Bengals,Ravens,18.1,5.2,13.6,0.2,0.5,18.5,33.4,201.3,28.8,114.6,315.9,1.4,9.1,0.7,0.9,1.6,6.5,58.4,1.4,3.2,0.3,12.4,30.27333333333333,19.0,4.8,13.6,0.3,0.8,20.7,34.8,225.1,26.3,113.8,338.9,3.1,19.4,0.5,0.8,1.3,6.3,62.9,1.7,2.8,0.1,12.9,29.726666666666667,21.3,20.6,13,44,1
2012-09-16,Bengals,Browns,18.3,5.0,13.7,0.4,0.8,18.9,34.2,204.6,28.9,118.3,322.9,1.7,11.1,0.8,0.8,1.6,6.1,56.0,1.3,3.0,0.0,12.4,30.371666666666663,19.6,4.6,13.0,0.3,0.7,20.5,33.3,220.9,26.6,119.9,340.8,3.0,19.0,0.4,0.7,1.1,5.8,59.9,1.6,2.5,0.3,12.5,29.62833333333333,19.2,23.8,27,34,1
2012-09-23,Bengals,Commanders,18.4,4.6,13.3,0.5,0.9,19.1,33.4,213.1,28.4,115.4,328.5,2.2,12.7,0.8,0.9,1.7,5.8,52.7,1.0,2.6,0.1,12.3,30.36833333333333,19.8,4.8,13.1,0.2,0.6,20.7,32.9,226.8,26.9,125.1,351.9,3.0,18.1,0.4,0.7,1.1,6.1,60.2,1.4,2.3,0.3,12.4,29.631666666666668,19.5,25.5,38,31,0
2012-09-30,Bengals,Jaguars,19.2,4.5,13.1,0.5,1.0,19.6,33.2,234.6,28.6,113.8,348.4,2.4,14.3,0.9,0.8,1.7,6.2,57.2,0.9,2.5,0.1,12.5,30.506666666666668,20.5,4.6,13.1,0.2,0.6,20.7,33.0,222.4,27.4,134.8,357.2,3.0,20.1,0.5,0.6,1.1,6.3,63.1,1.1,1.9,0.5,12.4,29.493333333333332,20.9,26.9,27,10,0
2012-10-07,Bengals,Dolphins,18.9,4.2,12.7,0.6,1.0,19.2,31.7,222.6,29.0,115.7,338.3,2.2,13.4,1.0,0.6,1.6,6.2,57.9,0.7,2.1,0.1,12.1,30.349999999999994,20.9,4.3,12.8,0.2,0.7,21.3,33.7,209.9,26.4,131.2,341.1,3.5,24.2,0.6,0.6,1.2,6.0,59.9,0.9,1.6,0.5,11.8,29.65,21.2,24.8,17,13,0
2012-10-14,Bengals,Browns,18.9,3.8,12.7,0.7,1.0,19.7,32.9,218.7,27.7,110.5,329.2,2.3,13.7,1.0,0.8,1.8,6.2,59.0,0.6,1.7,0.1,12.1,30.31166666666666,20.7,4.1,12.6,0.2,0.7,21.4,32.9,217.0,26.9,124.6,341.6,3.5,24.3,0.8,0.5,1.3,5.9,59.4,0.8,1.4,0.5,11.8,29.688333333333333,20.9,23.8,24,34,1
2012-10-21,Bengals,Steelers,19.6,4.1,13.0,0.6,0.9,21.4,34.5,242.1,27.5,107.7,349.8,2.2,13.2,1.0,1.0,2.0,5.9,53.1,0.5,1.5,0.1,12.8,30.589999999999996,20.1,4.6,13.3,0.2,0.7,21.6,33.5,222.9,27.0,122.0,344.9,3.4,23.9,0.8,0.6,1.4,6.0,60.0,0.4,1.0,0.6,12.2,29.409999999999997,22.6,23.7,24,17,0
2012-11-04,Bengals,Broncos,19.1,4.1,13.0,0.6,0.9,21.2,34.5,234.2,26.7,105.6,339.8,2.1,12.7,0.8,1.1,1.9,5.8,52.4,0.4,1.2,0.1,12.9,30.013333333333332,19.8,4.7,13.3,0.2,0.6,21.7,32.9,222.5,27.1,124.3,346.8,3.2,22.1,0.6,0.6,1.2,6.0,60.0,0.2,0.6,0.6,12.1,29.986666666666668,23.0,23.5,31,23,0
2012-11-11,Bengals,Giants,19.4,4.3,13.3,0.7,0.9,22.3,36.1,244.4,25.8,103.7,348.1,2.5,14.5,0.8,1.1,1.9,5.5,50.6,0.2,0.8,0.1,12.7,29.946666666666665,20.0,5.4,13.4,0.2,0.5,21.9,32.8,230.6,27.3,121.6,352.2,2.9,20.2,0.6,0.8,1.4,5.5,52.0,0.2,0.4,0.7,12.0,30.05333333333333,24.1,24.5,13,31,1
2012-11-18,Bengals,Chiefs,18.8,4.4,13.2,0.8,1.1,22.6,36.0,250.7,25.2,94.8,345.5,2.3,12.7,0.7,1.1,1.8,5.4,49.9,0.0,0.2,0.1,12.4,29.806666666666665,20.4,5.5,13.4,0.2,0.5,22.5,33.0,223.8,27.5,128.6,352.4,2.8,18.8,0.8,0.7,1.5,5.0,43.8,0.1,0.1,0.7,11.7,30.193333333333335,23.8,25.3,28,6,0
2012-11-25,Bengals,Raiders,19.1,4.0,12.9,1.1,1.4,22.2,34.5,249.6,26.6,103.2,352.8,2.4,13.6,0.6,1.1,1.7,5.8,51.8,0.0,0.0,0.1,12.3,30.28666666666667,20.5,5.1,13.2,0.2,0.6,22.7,34.1,228.3,26.9,117.8,346.1,3.1,20.1,0.9,0.7,1.6,4.9,40.9,0.0,0.0,0.7,11.9,29.71333333333333,24.2,24.3,10,34,1
2012-12-02,Bengals,Chargers,18.9,4.5,13.1,0.9,1.1,21.6,33.8,249.7,27.2,112.4,362.1,2.2,12.4,0.5,1.0,1.5,5.8,50.2,0.0,0.0,0.1,12.5,30.119999999999997,19.3,5.1,13.5,0.1,0.7,22.3,34.3,209.4,26.9,115.5,324.9,3.2,20.7,1.0,0.8,1.8,4.6,38.4,0.0,0.0,0.5,12.1,29.880000000000003,23.9,23.3,20,13,0
2012-12-09,Bengals,Cowboys,18.9,4.8,13.3,0.8,1.0,21.7,34.5,241.3,27.9,117.2,358.5,1.7,10.1,0.6,1.1,1.7,6.0,50.3,0.0,0.0,0.0,12.5,30.16166666666667,19.2,4.8,13.2,0.1,0.8,22.3,35.4,203.6,25.7,107.1,310.7,3.4,22.3,1.0,0.9,1.9,4.4,33.6,0.0,0.0,0.7,12.1,29.83833333333333,23.2,21.2,20,19,0
2012-12-13,Bengals,Eagles,18.6,4.9,13.5,0.8,0.9,21.7,35.0,221.8,27.1,122.5,344.3,2.0,10.1,0.5,1.1,1.6,6.0,49.3,0.0,0.0,0.0,12.1,30.393333333333334,18.1,5.6,13.9,0.1,0.8,22.7,36.3,209.6,24.6,91.8,301.4,3.2,21.0,0.9,1.0,1.9,4.4,32.5,0.0,0.0,0.5,11.9,29.606666666666666,21.4,20.0,34,13,0
2012-12-23,Bengals,Steelers,18.4,5.4,14.2,0.7,0.9,21.0,34.6,206.6,27.8,124.4,331.0,2.6,13.6,0.6,1.0,1.6,6.5,53.7,0.0,0.0,0.2,12.6,31.028333333333336,17.4,5.7,14.0,0.1,0.7,22.0,36.2,213.0,24.7,89.1,302.1,2.7,17.0,1.2,1.0,2.2,5.0,36.4,0.0,0.0,0.5,12.3,28.97166666666667,22.1,20.3,13,10,0
2012-12-30,Bengals,Ravens,18.2,5.6,14.3,0.6,0.9,20.8,34.4,210.1,27.5,117.8,327.9,2.9,14.5,0.6,1.0,1.6,6.7,54.6,0.0,0.0,0.4,12.8,30.735000000000003,17.4,5.5,14.1,0.2,0.7,21.7,36.4,210.4,24.3,91.8,302.2,2.9,19.3,1.1,1.2,2.3,5.3,41.7,0.0,0.0,0.5,12.6,29.264999999999997,21.7,20.0,17,23,1
2013-09-08,Bengals,Bears,17.1,5.4,14.2,0.6,0.9,19.2,32.4,188.1,27.6,114.9,303.0,2.9,12.7,0.5,0.7,1.2,6.4,53.6,0.0,0.0,0.6,12.2,30.165,18.1,5.3,14.2,0.4,0.9,21.9,36.8,203.2,25.5,101.4,304.6,3.1,21.7,1.1,1.2,2.3,5.8,48.4,0.0,0.0,0.3,12.3,29.835,21.0,18.9,21,24,1
2013-09-16,Bengals,Steelers,17.8,5.6,14.0,0.5,0.8,20.4,32.9,205.3,27.6,113.2,318.5,3.0,13.2,0.6,0.8,1.4,7.0,60.0,0.2,0.2,0.6,12.2,30.764999999999997,17.6,4.9,14.0,0.5,1.0,21.3,36.3,201.0,25.4,92.8,293.8,2.8,20.3,1.0,1.2,2.2,5.7,49.3,0.3,0.3,0.3,12.5,29.235000000000003,20.7,19.6,10,20,1
2013-09-22,Bengals,Packers,17.8,5.8,14.3,0.4,0.8,20.3,33.2,205.8,28.5,116.8,322.6,2.5,10.8,0.6,0.7,1.3,7.1,60.1,0.3,0.4,0.6,12.3,31.383333333333333,17.0,4.3,13.8,0.5,1.0,20.6,36.5,195.3,24.4,90.4,285.7,3.0,22.0,1.1,1.1,2.2,5.5,49.3,0.4,0.4,0.2,12.6,28.616666666666667,18.6,19.3,30,34,1
2013-09-29,Bengals,Browns,18.2,5.6,14.1,0.3,0.6,20.2,33.0,207.4,28.1,117.4,324.8,2.9,12.8,0.8,0.8,1.6,7.1,60.4,0.6,0.7,0.7,12.4,31.173333333333336,17.6,4.2,13.7,0.4,1.0,20.3,36.2,198.1,25.4,95.7,293.8,3.0,22.1,1.1,1.1,2.2,5.8,54.3,0.6,0.8,0.4,12.8,28.826666666666664,20.3,19.6,6,17,1
2013-10-06,Bengals,Patriots,17.6,5.6,14.1,0.1,0.6,20.7,34.3,205.7,26.3,104.8,310.5,2.9,12.1,0.9,0.9,1.8,6.6,57.5,0.6,0.9,0.7,12.3,30.521666666666665,17.8,5.0,14.4,0.4,0.9,21.1,37.0,205.7,25.8,93.3,299.0,2.9,22.6,1.0,1.1,2.1,5.7,59.3,0.8,1.1,0.4,12.6,29.478333333333335,18.1,20.7,6,13,1
2013-10-13,Bengals,Bills,17.9,5.3,13.9,0.2,0.7,21.1,34.0,204.2,26.8,98.9,303.1,3.1,13.8,1.0,1.0,2.0,7.0,60.9,0.7,1.1,0.7,12.2,30.87166666666667,17.9,4.8,14.4,0.4,0.7,21.0,37.4,210.4,25.3,91.6,302.0,2.9,23.0,1.0,1.1,2.1,5.4,56.8,0.8,1.2,0.4,12.6,29.128333333333337,17.7,18.6,27,24,0
2013-10-20,Bengals,Lions,18.4,5.3,14.3,0.3,0.8,21.2,34.2,214.9,27.7,102.6,317.5,3.3,15.7,0.9,0.9,1.8,7.0,63.2,0.9,1.4,0.7,12.4,31.82833333333333,17.9,5.2,14.9,0.5,0.8,20.3,35.8,204.5,27.4,100.0,304.5,3.0,22.5,1.0,1.0,2.0,5.0,54.0,0.9,1.4,0.2,12.7,28.998333333333335,18.4,19.7,27,24,0
2013-10-27,Bengals,Jets,18.3,5.3,14.2,0.3,0.8,21.6,34.3,232.3,27.5,93.7,326.0,2.9,14.9,0.9,0.8,1.7,6.8,61.2,1.0,1.5,0.7,12.4,31.395,18.1,5.4,14.9,0.5,0.8,20.6,36.6,216.3,27.5,102.8,319.1,2.7,19.6,1.0,0.9,1.9,4.8,52.1,1.0,1.7,0.2,12.6,29.431666666666665,19.1,20.2,9,49,1
2013-10-31,Bengals,Dolphins,18.5,5.2,13.5,0.3,0.8,22.2,34.6,255.4,25.9,85.9,341.3,2.4,11.6,0.7,0.9,1.6,6.1,56.3,1.5,2.1,0.9,11.8,30.3,18.6,5.7,15.2,0.5,0.9,21.3,37.0,213.3,28.0,107.9,321.2,3.0,22.2,0.6,1.0,1.6,4.3,51.4,1.0,1.7,0.2,12.5,30.52666666666667,16.6,23.8,20,22,1
2013-11-10,Bengals,Ravens,19.7,5.8,14.0,0.4,0.8,23.0,35.8,260.3,27.8,100.8,361.1,2.3,12.7,0.7,1.0,1.7,5.7,57.1,1.6,2.4,0.7,11.9,31.47833333333333,18.6,5.8,15.2,0.4,0.8,21.9,37.0,213.6,27.9,114.1,327.7,2.9,20.7,0.6,0.8,1.4,4.0,47.6,1.1,2.0,0.4,12.2,30.184999999999995,17.3,25.0,17,20,1
2013-11-17,Bengals,Browns,20.9,6.0,14.6,0.7,1.3,23.9,38.3,270.5,28.8,108.1,378.6,2.6,15.6,0.7,1.3,2.0,6.2,66.5,1.7,2.6,0.5,12.3,32.84,18.1,5.6,15.0,0.2,0.6,22.0,37.3,209.4,26.3,102.0,311.4,3.0,20.6,0.7,0.9,1.6,3.8,43.9,1.3,2.3,0.4,12.4,29.77833333333333,17.3,24.7,20,41,1
2013-12-01,Bengals,Chargers,20.1,5.4,14.9,0.7,1.3,22.7,37.8,254.6,29.8,112.4,367.0,2.5,15.1,0.6,1.3,1.9,6.2,64.5,1.7,2.7,0.8,13.0,32.75,17.9,5.4,15.4,0.2,0.9,22.6,39.6,208.0,25.4,104.1,312.1,3.4,22.6,0.8,1.1,1.9,3.9,42.0,1.0,2.3,0.6,12.8,29.868333333333332,17.2,26.4,17,10,0
2013-12-08,Bengals,Colts,19.8,5.3,14.4,0.7,1.2,21.6,35.6,245.6,30.2,116.1,361.7,2.5,15.1,0.7,1.4,2.1,5.6,59.1,1.7,2.7,0.8,12.8,32.160000000000004,18.4,5.7,15.5,0.2,0.9,22.9,39.6,208.9,26.2,108.8,317.7,3.4,21.8,0.9,1.1,2.0,4.1,43.6,0.9,2.2,0.6,12.6,30.458333333333332,17.9,25.4,28,42,1
2013-12-15,Bengals,Steelers,20.7,5.5,14.5,0.8,1.3,22.0,36.3,251.6,31.3,123.4,375.0,2.1,13.1,0.4,1.3,1.7,5.8,60.8,1.9,2.9,0.7,12.8,33.12,17.8,5.5,15.2,0.2,0.7,23.2,39.9,219.8,24.4,96.9,316.7,3.0,19.1,0.7,0.9,1.6,4.3,42.8,0.9,2.0,0.4,12.5,29.498333333333335,17.7,26.2,20,30,1
2013-12-22,Bengals,Vikings,21.0,5.5,14.5,1.0,1.5,22.2,36.5,253.5,31.5,122.8,376.3,2.0,13.6,0.4,1.2,1.6,6.1,63.3,2.2,3.0,0.7,12.9,33.075,17.9,4.8,14.4,0.4,0.9,22.7,38.6,213.5,25.0,98.6,312.1,2.8,17.6,0.7,1.0,1.7,4.2,37.3,0.9,2.1,0.5,12.5,29.543333333333333,19.1,27.5,14,42,1
2013-12-29,Bengals,Ravens,21.3,5.7,14.4,1.0,1.6,22.9,37.6,270.1,31.3,114.7,384.8,1.8,12.1,0.4,1.1,1.5,6.0,62.9,2.5,3.2,0.9,12.9,33.60166666666667,17.4,4.7,14.1,0.4,1.1,22.2,37.5,206.3,24.9,101.9,308.2,2.8,16.5,0.7,1.2,1.9,4.7,41.3,0.9,2.0,0.5,12.6,29.016666666666662,19.9,30.4,17,34,1
2014-09-07,Bengals,Ravens,20.8,5.7,13.9,0.9,1.5,22.4,37.2,266.4,30.2,109.3,375.7,1.5,10.2,0.4,1.4,1.8,6.2,62.7,2.5,3.2,1.1,13.0,32.709999999999994,17.1,4.3,13.9,0.3,1.1,23.3,39.3,204.6,23.1,93.6,298.2,2.5,15.8,0.6,1.5,2.1,4.9,44.2,0.9,2.2,0.5,12.8,29.081666666666667,18.9,31.4,23,16,0
2014-09-14,Bengals,Falcons,20.6,5.7,14.3,0.9,1.5,22.5,37.6,260.1,31.0,111.5,371.6,1.4,9.4,0.4,1.4,1.8,6.0,62.2,2.4,3.3,1.1,13.2,33.211666666666666,17.5,3.8,13.7,0.4,1.3,24.0,40.4,201.8,22.6,95.3,297.1,2.8,17.4,0.7,1.6,2.3,4.8,44.1,0.9,2.2,0.5,13.0,28.580000000000002,18.5,30.6,10,24,1
2014-09-21,Bengals,Titans,20.7,5.7,14.6,0.9,1.4,22.2,37.0,258.0,33.0,120.6,378.6,1.3,9.2,0.4,1.3,1.7,6.3,63.2,2.1,3.0,0.7,13.4,33.83833333333333,17.9,3.5,13.4,0.5,1.4,24.1,41.1,208.3,22.1,95.7,304.0,2.6,16.4,0.7,1.7,2.4,5.1,42.8,1.0,2.3,0.5,12.8,27.95333333333333,18.6,28.1,7,33,1
2014-10-05,Bengals,Patriots,20.4,5.0,13.5,0.8,1.4,20.7,34.3,246.2,32.6,115.9,362.1,0.8,5.6,0.3,1.1,1.4,6.7,61.9,2.4,3.2,0.7,13.1,32.708333333333336,18.6,3.4,13.2,0.6,1.6,23.8,41.7,207.2,21.9,94.9,302.1,2.5,15.2,0.6,1.9,2.5,6.0,50.2,1.0,2.2,0.3,12.7,28.246666666666663,17.3,29.2,17,43,1
2014-10-19,Bengals,Colts,20.0,4.5,12.3,0.5,1.0,20.1,32.1,245.9,31.3,111.8,357.7,0.4,3.4,0.6,0.8,1.4,6.2,52.2,2.4,3.2,0.7,12.8,31.018333333333334,19.8,3.7,13.2,0.7,1.7,24.1,41.6,225.3,23.5,108.4,333.7,2.1,12.3,0.5,1.7,2.2,6.4,55.1,1.1,2.5,0.4,12.4,28.981666666666666,17.3,31.5,0,27,1
2014-10-26,Bengals,Ravens,19.8,4.5,12.2,0.5,1.1,20.5,33.1,244.4,29.4,104.4,348.8,0.8,5.7,0.6,0.6,1.2,5.8,47.8,2.2,3.0,0.4,12.4,30.28666666666667,21.0,3.8,12.7,0.6,1.3,24.1,40.2,236.0,25.0,115.3,351.3,1.9,11.2,0.6,1.4,2.0,6.7,56.8,1.3,2.6,0.2,12.0,29.71333333333333,15.3,30.1,24,27,1
2014-11-02,Bengals,Jaguars,19.8,4.7,12.4,0.6,1.2,21.2,33.6,249.3,29.0,99.1,348.4,1.0,8.4,0.6,0.6,1.2,6.1,48.8,2.4,3.3,0.4,12.5,30.393333333333334,20.9,3.7,12.7,0.7,1.6,23.5,39.9,230.4,25.2,116.9,347.3,1.8,11.1,0.4,1.5,1.9,6.9,57.4,1.5,3.0,0.2,12.1,29.606666666666662,16.0,31.8,23,33,1
2014-11-06,Bengals,Browns,19.3,4.7,12.5,0.5,1.1,20.7,33.2,245.0,28.9,102.7,347.7,1.2,8.5,0.6,0.8,1.4,6.0,46.8,2.2,3.2,0.4,12.4,29.89166666666667,20.7,3.9,12.9,0.7,1.6,22.8,38.6,221.1,26.5,123.8,344.9,2.0,12.5,0.4,1.6,2.0,6.6,56.2,1.5,3.2,0.2,12.2,30.10833333333333,15.5,30.9,24,3,0
2014-11-16,Bengals,Saints,18.5,4.6,12.8,0.3,0.7,19.5,32.7,230.7,28.9,105.6,336.3,1.3,9.1,0.6,1.1,1.7,6.1,47.3,1.9,3.0,0.4,12.7,29.470000000000006,20.9,4.4,13.5,0.5,1.4,22.3,38.4,222.5,28.1,130.2,352.7,1.9,11.8,0.5,1.5,2.0,6.8,59.9,1.6,3.2,0.1,12.3,30.53,15.9,28.2,27,10,0
2014-11-23,Bengals,Texans,18.3,4.7,12.7,0.2,0.5,18.4,31.1,218.1,28.8,116.1,334.2,1.2,7.4,0.5,1.1,1.6,5.9,45.1,1.7,2.9,0.2,12.2,28.439999999999998,22.3,5.2,13.9,0.5,1.3,24.3,39.8,238.6,29.0,126.2,364.8,1.5,9.8,0.5,1.2,1.7,6.8,59.3,1.7,3.5,0.1,11.7,31.559999999999995,17.2,25.0,22,13,0
2014-11-30,Bengals,Buccaneers,18.6,5.1,13.4,0.2,0.6,18.7,31.0,213.3,30.1,118.9,332.2,1.2,7.4,0.5,0.8,1.3,5.5,43.5,1.7,3.0,0.0,11.9,28.961666666666666,22.4,5.2,13.8,0.7,1.4,23.4,39.3,239.5,29.5,127.9,367.4,1.4,8.6,0.5,1.0,1.5,6.5,55.2,1.6,3.4,0.3,11.3,31.038333333333334,17.7,22.9,14,13,0
2014-12-07,Bengals,Steelers,18.9,5.2,13.1,0.2,0.6,18.2,30.0,200.8,30.3,122.2,323.0,1.4,8.5,0.5,1.1,1.6,6.1,46.3,1.9,3.0,0.0,11.9,28.973333333333336,21.2,4.6,13.2,0.6,1.3,21.4,36.0,225.4,30.0,126.0,351.4,1.2,7.2,0.4,1.0,1.4,7.5,61.7,1.6,3.4,0.3,11.3,31.02666666666667,16.8,22.6,42,21,0
2014-12-14,Bengals,Browns,18.4,4.9,12.8,0.2,0.7,19.1,31.1,202.8,27.9,113.8,316.6,1.7,9.0,0.7,1.1,1.8,6.1,46.2,1.8,2.8,0.0,12.1,28.4,21.8,5.1,13.6,0.5,1.1,21.5,35.5,239.2,31.2,135.6,374.8,1.0,5.3,0.4,0.7,1.1,7.1,58.1,1.8,3.7,0.3,11.6,31.6,20.0,22.3,30,0,0
2014-12-22,Bengals,Broncos,18.3,5.3,13.3,0.4,0.8,18.8,30.9,194.7,29.3,126.6,321.3,1.9,10.4,0.7,1.1,1.8,5.9,45.3,1.7,2.8,0.0,11.9,29.413333333333334,20.1,5.0,13.4,0.5,1.0,20.8,33.9,226.9,30.1,126.0,352.9,1.1,7.1,0.4,0.7,1.1,6.9,55.0,1.7,3.6,0.3,11.4,30.586666666666666,22.3,19.0,28,37,1
2014-12-28,Bengals,Steelers,18.6,5.5,13.7,0.5,0.8,18.7,30.5,185.2,31.2,139.4,324.6,1.8,9.6,0.5,1.2,1.7,6.2,46.1,1.7,3.0,0.2,12.0,30.470000000000006,19.3,4.9,13.0,0.4,0.9,21.3,34.8,228.4,27.4,112.5,340.9,1.2,7.5,0.4,1.1,1.5,6.3,50.8,1.7,3.4,0.4,11.6,29.529999999999994,23.4,18.4,17,27,1
2015-09-13,Bengals,Raiders,19.7,6.0,13.8,0.7,1.0,19.6,30.5,197.0,32.9,147.8,344.8,1.7,9.6,0.6,1.4,2.0,6.3,48.6,1.9,3.2,0.2,11.8,31.938333333333333,18.4,4.7,12.8,0.4,1.0,21.0,34.5,226.6,25.8,98.3,324.9,1.0,6.6,0.3,1.3,1.6,5.6,46.1,1.5,3.2,0.5,11.4,28.061666666666667,25.1,18.4,33,13,0
2015-09-20,Bengals,Chargers,20.0,5.6,13.7,0.7,1.0,20.0,31.1,200.0,32.6,149.4,349.4,1.5,6.9,0.5,1.3,1.8,6.3,49.6,2.0,3.3,0.2,11.9,32.11833333333334,18.2,4.5,12.7,0.5,1.0,22.3,35.4,226.2,24.8,93.9,320.1,1.1,7.8,0.4,1.2,1.6,5.4,44.2,1.5,3.0,0.5,11.5,27.881666666666668,26.0,17.0,19,24,1
2015-09-27,Bengals,Ravens,19.7,5.4,13.4,0.7,1.0,19.7,30.6,198.2,32.8,147.8,346.0,1.3,6.8,0.7,1.1,1.8,6.6,53.1,1.9,3.3,0.2,11.9,31.830000000000002,18.2,4.5,12.6,0.5,1.0,22.2,34.8,225.2,24.8,93.8,319.0,1.3,8.2,0.6,1.2,1.8,5.9,47.1,1.4,2.8,0.5,11.2,28.169999999999998,25.6,16.1,28,24,0
2015-10-04,Bengals,Chiefs,20.9,5.9,13.2,0.7,1.1,20.4,29.9,227.5,33.7,147.8,375.3,1.3,6.5,0.7,0.9,1.6,6.8,54.3,2.2,3.8,0.2,11.7,32.425,18.0,4.5,12.6,0.7,1.3,23.9,37.4,241.6,21.4,80.4,322.0,1.3,8.2,0.5,1.3,1.8,6.6,52.5,1.2,2.6,0.7,11.0,27.575,26.0,18.2,21,36,1
2015-10-11,Bengals,Seahawks,20.5,5.6,12.9,0.7,1.1,20.5,30.1,237.7,32.7,141.6,379.3,1.2,6.4,0.7,0.9,1.6,7.5,59.4,2.4,3.9,0.2,11.9,31.813333333333333,18.0,4.4,12.9,0.7,1.2,23.7,37.8,250.9,21.1,84.2,335.1,1.8,12.0,0.5,1.3,1.8,6.8,53.7,1.1,2.6,0.7,11.3,28.186666666666667,25.4,20.8,24,27,1
2015-10-18,Bengals,Bills,20.8,5.1,12.4,0.7,1.0,21.1,31.0,245.4,31.5,138.6,384.0,1.6,8.5,0.8,0.9,1.7,7.6,58.4,2.5,3.9,0.2,12.1,31.97833333333333,17.8,4.5,12.8,0.5,0.9,23.1,35.6,252.2,22.2,97.8,350.0,2.1,13.1,0.5,1.3,1.8,7.5,63.4,1.1,2.5,0.7,11.5,29.16166666666667,25.6,22.2,34,21,0
2015-11-01,Bengals,Steelers,21.0,5.3,12.5,0.7,1.0,21.3,31.5,252.1,31.5,138.6,390.7,1.4,7.4,0.8,0.6,1.4,6.9,53.1,2.7,4.1,0.2,12.0,31.916666666666664,18.6,4.8,13.0,0.6,1.0,24.4,36.9,259.0,22.0,101.5,360.5,2.2,13.6,0.5,1.3,1.8,7.0,63.3,1.2,2.4,0.7,11.3,29.22333333333333,27.6,23.0,16,10,0
2015-11-05,Bengals,Browns,21.0,5.4,12.9,0.7,0.9,21.1,31.8,241.7,31.7,137.8,379.5,1.4,8.2,0.6,0.8,1.4,7.2,57.1,2.7,4.3,0.2,11.8,32.17666666666666,18.2,4.3,12.5,0.6,1.0,24.7,37.5,248.0,20.8,93.8,341.8,2.5,15.8,0.5,1.6,2.1,7.7,70.4,1.0,2.3,0.7,11.1,28.96333333333334,25.0,21.9,10,31,1
2015-11-16,Bengals,Texans,20.9,5.5,12.9,0.6,0.8,21.8,32.1,253.3,30.9,128.6,381.9,1.4,8.3,0.6,0.7,1.3,6.9,55.0,2.7,4.2,0.2,11.8,31.895000000000003,19.0,4.6,12.8,0.6,1.1,25.2,39.0,257.0,20.8,95.4,352.4,2.5,15.6,0.5,1.4,1.9,7.2,66.4,1.1,2.5,0.7,11.0,29.244999999999997,23.0,25.0,10,6,0
2015-11-22,Bengals,Cardinals,20.5,5.7,13.2,0.5,0.8,22.3,33.4,256.9,29.2,115.3,372.2,1.8,9.8,0.6,0.7,1.3,7.1,57.5,2.6,3.9,0.0,11.5,31.875000000000007,18.4,4.6,13.1,0.6,1.2,24.1,37.9,244.4,21.4,95.1,339.5,2.6,16.3,0.5,1.1,1.6,7.1,64.6,0.8,2.2,0.5,10.8,29.265000000000004,21.2,21.9,31,34,1
2015-11-29,Bengals,Rams,21.0,5.6,13.1,0.4,0.6,21.8,33.5,262.6,29.1,113.6,376.2,1.9,11.2,0.6,0.5,1.1,7.6,63.8,2.8,4.0,0.0,11.6,31.503333333333337,18.7,4.8,13.1,0.6,1.1,23.7,37.1,242.8,22.1,100.4,343.2,2.8,17.9,0.4,1.1,1.5,7.7,67.6,1.1,2.5,0.4,10.9,29.636666666666667,22.6,22.6,7,31,1
2015-12-06,Bengals,Browns,20.7,5.5,12.8,0.3,0.6,21.4,32.9,259.3,29.1,114.9,374.2,1.9,11.2,0.6,0.6,1.2,7.3,62.3,2.6,3.7,0.2,11.5,31.261666666666667,19.0,5.1,13.4,0.5,1.1,24.3,38.1,249.6,22.2,103.5,353.1,2.7,16.7,0.3,1.3,1.6,7.9,68.9,1.0,2.5,0.4,10.9,29.87833333333333,20.0,24.4,37,3,0
2015-12-13,Bengals,Steelers,20.7,5.6,13.0,0.5,0.9,21.4,32.5,261.2,28.8,111.8,373.0,2.0,11.8,0.4,0.6,1.0,6.9,60.3,2.6,3.8,0.2,11.2,31.373333333333335,18.9,5.3,13.6,0.5,1.3,24.7,39.2,247.8,21.6,97.2,345.0,2.6,17.4,0.2,1.3,1.5,7.8,70.9,0.9,2.3,0.4,10.9,29.766666666666662,21.8,22.3,33,20,0
2015-12-20,Bengals,49ers,20.6,5.1,12.3,0.4,0.7,21.9,33.0,256.1,27.3,109.6,365.7,2.1,12.5,0.3,0.8,1.1,6.4,56.3,2.4,3.5,0.2,11.1,30.781666666666666,19.2,5.4,13.4,0.3,1.0,24.5,38.2,238.6,22.6,102.0,340.6,2.8,18.6,0.2,1.3,1.5,7.0,67.5,1.0,2.4,0.4,10.9,30.35833333333333,22.3,21.9,24,14,0
2015-12-28,Bengals,Broncos,20.2,4.9,12.7,0.4,0.8,21.7,32.7,241.4,28.3,104.0,345.4,2.5,14.3,0.4,0.8,1.2,5.9,52.4,2.2,3.4,0.2,11.5,31.568333333333335,18.5,4.9,13.2,0.5,1.2,24.4,38.7,230.1,22.0,96.2,326.3,2.7,18.0,0.2,1.6,1.8,7.4,72.7,1.2,2.4,0.4,11.5,29.571666666666665,22.6,19.7,17,20,1
2016-01-03,Bengals,Ravens,19.7,5.3,12.9,0.4,0.8,20.9,31.8,229.0,28.5,103.9,332.9,2.3,13.6,0.4,0.7,1.1,5.8,51.9,2.1,3.2,0.2,11.3,31.233333333333338,19.1,4.8,13.0,0.5,1.2,25.6,40.3,238.1,21.1,87.5,325.6,2.6,18.6,0.3,1.5,1.8,6.9,65.5,1.3,2.5,0.2,11.4,29.29666666666667,21.9,19.0,16,24,1
2016-09-11,Bengals,Jets,19.3,4.6,12.6,0.5,0.9,20.4,31.2,219.4,28.4,107.2,326.6,2.6,14.9,0.4,0.7,1.1,6.6,57.1,1.8,3.0,0.2,11.4,31.311666666666667,19.1,5.5,13.7,0.4,1.2,25.8,41.7,240.7,20.9,82.2,322.9,2.5,18.9,0.3,1.6,1.9,6.5,60.0,1.2,2.5,0.2,11.6,29.218333333333334,20.1,19.3,23,22,0
2016-09-18,Bengals,Steelers,19.5,4.5,12.2,0.5,0.9,20.4,30.4,230.0,28.0,105.1,335.1,3.0,17.8,0.4,0.6,1.0,6.1,52.1,1.8,3.0,0.2,11.3,30.83833333333333,19.2,5.6,13.8,0.4,1.2,24.9,40.7,235.5,22.0,85.8,321.3,2.3,16.8,0.3,1.4,1.7,6.2,60.4,1.3,2.7,0.2,11.4,29.691666666666663,20.8,20.5,16,24,1
2016-09-25,Bengals,Broncos,19.3,4.1,12.4,0.5,0.9,21.4,33.1,244.7,26.1,94.5,339.2,2.9,16.3,0.6,0.6,1.2,6.4,53.2,1.5,2.9,0.2,11.8,29.941666666666663,19.8,5.9,14.2,0.3,1.1,25.3,41.1,246.1,23.9,91.3,337.4,2.1,15.3,0.3,1.6,1.9,6.3,63.0,1.4,2.6,0.2,11.9,30.58833333333333,21.4,19.8,29,17,0
2016-09-29,Bengals,Dolphins,19.7,4.2,12.2,0.5,0.9,21.3,32.4,245.4,27.0,101.4,346.8,2.9,16.5,0.6,0.6,1.2,6.4,53.1,1.7,3.2,0.2,11.8,30.008333333333333,20.3,6.0,13.9,0.3,1.0,25.9,41.3,259.0,23.7,88.3,347.3,2.0,14.4,0.4,1.5,1.9,6.3,61.7,1.6,2.8,0.2,11.9,30.521666666666665,23.3,20.9,7,22,1
2016-10-09,Bengals,Cowboys,19.2,4.0,12.4,0.5,0.9,21.3,31.6,246.1,27.9,99.2,345.3,2.6,13.9,0.5,0.6,1.1,6.0,46.3,1.4,3.1,0.2,11.7,30.686666666666667,19.0,5.7,13.9,0.3,1.1,25.4,40.7,244.9,22.5,86.3,331.2,2.3,15.7,0.5,1.4,1.9,6.3,64.5,1.3,2.3,0.2,11.8,29.843333333333334,20.9,19.7,14,28,1
2016-10-16,Bengals,Patriots,20.0,4.2,12.6,0.6,0.9,22.1,32.9,247.4,26.7,94.8,342.2,3.0,15.9,0.5,0.5,1.0,6.3,47.7,1.4,3.0,0.0,11.4,30.90333333333333,19.2,5.5,13.2,0.2,0.8,23.6,37.8,242.0,23.7,94.9,336.9,2.3,15.4,0.6,1.1,1.7,6.3,64.5,1.5,2.5,0.2,11.5,29.626666666666665,21.6,19.4,17,35,1
2016-10-23,Bengals,Browns,20.0,4.2,12.6,0.5,0.8,22.6,33.8,247.8,26.6,92.4,340.2,3.1,17.0,0.5,0.5,1.0,6.5,46.8,1.4,2.9,0.0,11.5,31.011666666666667,19.9,5.3,12.9,0.3,0.7,24.0,37.5,257.3,24.1,96.0,353.3,2.3,14.7,0.5,1.0,1.5,6.2,61.6,1.9,3.0,0.2,11.4,29.518333333333334,19.6,22.6,17,31,1
2016-11-14,Bengals,Giants,20.1,4.4,12.8,0.5,0.8,22.0,32.9,244.5,28.0,113.1,357.6,3.1,17.2,0.6,0.2,0.8,6.4,47.1,1.4,2.8,0.0,11.4,31.410000000000004,19.9,5.1,12.9,0.3,0.7,23.1,37.1,247.5,23.9,105.6,353.1,2.3,14.5,0.5,1.1,1.6,6.2,56.9,1.8,2.9,0.0,11.4,29.119999999999997,18.0,23.7,20,21,1
2016-11-20,Bengals,Bills,19.9,4.2,12.5,0.5,0.7,22.1,33.7,245.7,26.7,114.1,359.8,3.0,17.2,0.5,0.3,0.8,6.7,48.6,1.4,2.8,0.0,11.3,31.173333333333336,20.5,5.5,12.9,0.2,0.7,22.9,36.5,244.1,24.9,112.3,356.4,2.0,12.4,0.4,1.0,1.4,5.3,48.6,1.9,2.9,0.0,11.1,29.356666666666666,17.6,24.4,16,12,0
2016-11-27,Bengals,Ravens,20.0,4.0,12.3,0.5,0.7,22.3,34.5,247.8,26.1,112.6,360.4,2.9,15.8,0.4,0.5,0.9,6.5,46.6,1.4,2.8,0.0,11.3,30.208333333333332,20.3,5.4,13.0,0.3,0.8,22.1,35.3,232.3,26.2,119.3,351.6,1.9,10.9,0.3,1.1,1.4,5.7,52.1,1.9,2.9,0.0,11.1,29.791666666666664,17.5,23.6,14,19,1
2016-12-04,Bengals,Eagles,20.5,4.5,13.0,0.5,0.7,23.2,36.6,259.2,25.4,104.5,363.7,2.9,16.7,0.6,0.5,1.1,5.6,40.9,1.4,3.1,0.0,11.2,30.001666666666665,19.7,4.7,12.6,0.4,0.8,21.6,33.3,226.0,27.1,122.6,348.6,2.0,11.4,0.3,1.0,1.3,6.1,55.2,1.9,3.0,0.0,11.1,29.998333333333335,17.3,23.1,14,32,1
2016-12-11,Bengals,Browns,20.8,4.9,13.3,0.5,0.7,23.2,36.7,260.0,26.8,106.8,366.8,2.2,12.5,0.8,0.4,1.2,5.4,38.8,1.6,3.4,0.0,11.2,30.293333333333333,19.7,5.1,13.1,0.7,1.3,23.3,35.8,237.8,26.0,112.7,350.5,2.0,11.5,0.3,1.2,1.5,6.4,54.5,1.9,2.7,0.0,11.2,29.706666666666667,16.4,24.1,23,10,0
2016-12-18,Bengals,Steelers,20.8,5.3,13.2,0.4,0.6,22.1,34.1,238.1,28.8,123.5,361.6,2.5,15.8,0.6,0.4,1.0,5.5,40.0,1.9,3.5,0.0,10.7,31.073333333333334,19.1,5.0,12.8,0.8,1.3,22.6,34.9,221.3,24.6,117.2,338.5,2.2,12.5,0.3,1.1,1.4,6.4,52.5,1.8,2.7,0.0,10.8,28.926666666666666,17.1,22.7,24,20,0
2016-12-24,Bengals,Texans,20.7,5.4,13.2,0.5,0.6,21.6,33.7,233.8,28.7,116.8,350.6,2.2,15.2,0.5,0.4,0.9,5.4,41.7,1.9,3.5,0.0,10.5,30.609999999999996,19.6,4.9,12.9,0.8,1.3,22.4,35.0,219.5,25.2,121.7,341.2,2.1,11.7,0.2,1.1,1.3,6.6,58.8,1.7,2.9,0.0,10.5,29.389999999999997,16.6,23.0,10,12,1
2017-01-01,Bengals,Ravens,20.3,5.8,13.3,0.5,0.6,22.2,34.7,229.7,26.9,114.1,343.8,2.4,16.5,0.5,0.5,1.0,5.4,43.7,1.8,3.2,0.0,10.5,29.696666666666665,20.5,5.1,13.2,0.8,1.2,22.7,35.4,219.0,26.3,125.0,344.0,2.0,10.9,0.1,1.0,1.1,6.2,54.5,1.7,3.1,0.0,10.5,30.30333333333333,16.9,22.0,10,27,1
2017-09-10,Bengals,Ravens,20.1,5.4,12.9,0.4,0.5,21.1,33.4,226.6,28.8,119.8,346.4,2.1,15.3,0.5,0.5,1.0,5.0,40.8,1.9,3.5,0.0,10.8,29.538333333333334,20.6,5.5,14.0,0.9,1.5,24.2,38.1,223.1,25.0,114.2,337.3,2.2,12.0,0.0,1.2,1.2,5.9,54.1,1.5,3.1,0.0,10.7,30.461666666666666,16.5,21.9,20,0,0
2017-09-14,Bengals,Texans,19.5,5.3,13.0,0.3,0.4,20.6,33.4,217.3,27.8,115.5,332.8,2.4,16.2,0.6,0.9,1.5,5.2,42.8,1.7,3.4,0.0,11.0,28.93333333333333,19.8,5.7,14.4,0.8,1.4,22.2,36.3,198.4,26.9,122.0,320.4,2.0,11.2,0.0,1.3,1.3,6.4,57.1,1.2,2.9,0.0,11.0,31.06666666666667,16.8,18.4,13,9,0
2017-09-24,Bengals,Packers,18.4,5.2,13.5,0.4,0.6,20.7,34.1,209.8,27.2,96.6,306.4,2.4,15.3,0.6,0.9,1.5,5.6,44.3,1.6,3.5,0.0,11.3,28.888333333333332,19.0,5.5,14.5,0.8,1.4,21.6,35.2,191.0,27.8,120.8,311.8,2.1,12.9,0.0,1.1,1.1,6.8,59.7,1.1,2.8,0.0,11.3,31.111666666666668,16.4,16.2,24,27,1
2017-10-01,Bengals,Browns,19.3,5.4,13.6,0.4,0.6,21.2,33.9,210.3,27.9,99.8,310.1,2.4,15.6,0.7,0.8,1.5,5.4,45.1,1.6,3.4,0.2,11.1,29.454999999999995,18.9,5.6,14.6,0.7,1.2,21.6,35.0,196.1,26.8,115.0,311.1,2.6,15.1,0.0,1.0,1.0,7.0,61.5,1.1,3.0,0.0,11.2,30.90833333333333,16.8,16.8,31,7,0
2017-10-08,Bengals,Bills,19.5,5.2,13.2,0.4,0.6,21.3,32.6,216.0,28.2,99.1,315.1,2.6,17.8,0.8,0.6,1.4,5.8,49.2,1.7,3.5,0.2,11.1,30.176666666666666,18.5,5.8,15.0,0.7,1.3,21.8,36.5,197.2,25.1,101.2,298.4,2.6,15.7,0.0,1.0,1.0,6.5,56.8,1.1,2.9,0.0,11.2,30.186666666666667,18.3,16.3,16,20,1
2017-10-22,Bengals,Steelers,19.1,5.3,13.1,0.3,0.5,20.9,31.4,222.2,28.9,99.2,321.4,2.4,16.1,0.7,0.8,1.5,6.2,54.8,1.7,3.4,0.2,11.3,30.306666666666665,18.6,5.9,15.2,0.6,1.1,21.3,36.6,189.2,24.5,100.2,289.4,3.0,16.9,0.0,1.0,1.0,6.3,57.0,1.1,2.9,0.0,11.2,30.056666666666665,18.5,16.4,14,29,1
2017-10-29,Bengals,Colts,18.1,4.9,12.8,0.4,0.7,20.3,31.3,199.8,27.3,98.3,298.1,2.8,19.3,0.5,1.0,1.5,6.4,57.9,1.6,3.0,0.2,11.3,29.97833333333333,18.5,5.3,14.6,0.4,0.9,19.2,33.1,185.4,26.9,110.1,295.5,2.9,16.7,0.0,0.7,0.7,5.4,48.7,1.0,3.3,0.0,11.2,30.385,18.5,16.1,23,24,1
2017-11-05,Bengals,Jaguars,17.7,4.5,12.4,0.4,0.7,20.0,31.4,206.9,25.6,82.8,289.7,2.7,18.5,0.7,1.0,1.7,6.3,59.0,1.4,2.9,0.4,11.3,29.168333333333333,19.1,5.5,14.8,0.3,0.9,20.5,34.2,198.5,27.5,104.7,303.2,3.0,16.5,0.0,0.7,0.7,5.6,49.8,1.0,3.5,0.0,11.4,31.195,18.5,17.5,7,23,1
2017-11-12,Bengals,Titans,16.6,4.0,12.0,0.3,0.6,19.4,30.5,204.2,24.5,78.1,282.3,2.8,19.1,0.7,0.9,1.6,6.3,58.1,1.3,2.6,0.4,11.4,28.398333333333333,19.1,6.2,15.3,0.3,1.0,20.8,34.4,195.9,28.6,109.9,305.8,2.9,16.4,0.1,0.7,0.8,5.4,44.4,1.0,3.4,0.1,11.3,31.965000000000003,16.8,17.8,20,24,1
2017-11-19,Bengals,Broncos,16.6,3.4,11.4,0.3,0.6,18.6,29.9,205.3,24.0,78.4,283.7,2.6,17.7,0.9,0.8,1.7,6.9,60.5,1.4,2.8,0.4,11.5,27.493333333333332,20.1,6.5,15.4,0.3,1.0,21.5,35.9,204.0,29.8,118.4,322.4,2.9,17.1,0.2,0.8,1.0,5.6,47.4,1.3,3.5,0.1,11.5,32.87,17.8,19.0,20,17,0
2017-11-26,Bengals,Browns,15.3,4.0,12.1,0.3,0.6,18.3,29.6,197.6,22.8,68.0,265.6,2.7,18.2,0.9,0.8,1.7,7.0,59.9,1.3,2.5,0.4,11.6,26.905,19.9,6.9,15.9,0.3,0.9,20.5,35.0,200.6,31.6,122.4,323.0,2.9,18.0,0.3,0.7,1.0,5.7,48.3,1.4,3.4,0.1,11.6,33.45833333333333,18.8,18.0,16,30,1
2017-12-04,Bengals,Steelers,16.2,4.0,11.8,0.3,0.5,18.5,29.3,204.1,23.6,75.5,279.6,2.3,16.1,0.8,0.4,1.2,6.5,56.8,1.6,2.7,0.4,11.3,27.35833333333333,20.3,6.9,16.0,0.5,1.2,21.4,36.5,213.1,30.5,123.6,336.7,3.2,20.2,0.3,0.6,0.9,5.3,46.7,1.4,3.5,0.1,11.3,33.004999999999995,18.4,21.0,23,20,0
2017-12-10,Bengals,Bears,16.9,4.3,11.7,0.2,0.3,18.6,29.4,205.1,23.4,80.3,285.4,2.2,16.1,0.7,0.4,1.1,7.1,69.6,1.8,2.7,0.4,10.9,27.601666666666667,21.3,6.9,15.7,0.6,1.3,22.3,38.1,231.5,29.2,116.0,347.5,3.0,18.3,0.3,0.7,1.0,5.1,47.2,1.5,3.7,0.1,11.0,32.76166666666666,19.4,22.1,33,7,0
2017-12-17,Bengals,Vikings,16.2,4.2,11.7,0.2,0.5,18.3,30.4,202.4,21.7,76.3,278.7,2.2,16.4,0.7,0.5,1.2,7.1,68.4,1.7,2.6,0.2,10.9,26.35833333333333,22.0,6.6,15.3,0.7,1.5,22.0,37.1,228.5,31.3,132.8,361.3,2.6,17.1,0.3,0.6,0.9,5.7,51.3,1.5,3.7,0.1,10.9,33.641666666666666,20.3,20.1,7,34,1
2017-12-24,Bengals,Lions,14.5,3.7,11.9,0.3,0.8,17.2,30.2,187.5,20.7,72.3,259.8,2.2,15.9,0.6,0.7,1.3,6.8,66.2,1.5,2.4,0.2,11.1,25.268333333333334,22.2,6.5,14.9,0.6,1.3,21.9,35.4,233.7,33.0,140.7,374.4,2.6,17.2,0.3,0.6,0.9,6.4,57.8,1.7,3.9,0.3,11.1,34.73166666666667,17.9,22.8,17,26,1
2017-12-31,Bengals,Ravens,15.5,3.8,11.8,0.3,0.8,17.7,30.7,177.4,21.4,80.0,257.4,2.4,17.0,0.5,0.6,1.1,6.7,65.1,1.6,2.5,0.2,11.0,25.515000000000004,22.0,6.5,14.6,0.7,1.5,21.8,35.2,238.7,32.8,141.2,379.9,2.2,15.9,0.3,0.6,0.9,6.7,58.1,1.7,3.8,0.3,11.0,34.485,18.0,23.4,31,27,0
2018-09-09,Bengals,Colts,16.6,4.0,12.2,0.3,0.7,18.3,32.1,187.9,22.7,87.5,275.4,2.1,14.7,0.6,0.4,1.0,6.8,65.7,1.6,2.6,0.4,11.4,25.905,21.8,6.8,15.2,0.7,1.4,22.8,37.4,231.3,31.1,137.8,369.1,2.3,16.8,0.3,0.7,1.0,7.1,62.3,1.9,3.6,0.3,11.4,34.095000000000006,19.7,23.2,34,23,0
2018-09-13,Bengals,Ravens,16.8,4.0,11.9,0.3,0.7,18.7,32.0,189.0,22.6,91.8,280.8,2.0,13.6,0.5,0.5,1.0,7.1,69.7,1.7,2.5,0.4,11.4,25.946666666666665,22.3,7.1,15.3,0.7,1.3,24.2,38.8,240.2,30.5,133.8,374.0,2.1,16.5,0.4,0.7,1.1,7.1,66.9,1.9,3.5,0.3,11.3,34.05333333333333,20.8,23.1,23,34,1
2018-09-23,Bengals,Panthers,18.4,4.4,12.4,0.3,0.7,20.1,34.4,203.6,23.7,99.7,303.3,1.8,11.9,0.5,0.5,1.0,7.2,71.2,1.9,2.8,0.4,11.7,27.153333333333336,22.5,6.6,15.1,0.9,1.6,25.0,40.5,250.2,28.7,125.5,375.7,2.5,18.2,0.4,0.9,1.3,7.3,67.0,2.1,3.4,0.2,11.8,32.846666666666664,22.4,24.2,21,31,1
2018-09-30,Bengals,Falcons,19.4,4.7,12.4,0.2,0.6,21.0,35.5,211.1,23.6,101.0,312.1,1.9,13.1,0.3,0.9,1.2,6.4,66.4,2.0,2.8,0.4,11.5,27.776666666666664,22.1,6.5,14.9,0.9,1.7,24.0,38.5,241.3,29.2,130.5,371.8,2.2,15.7,0.3,0.8,1.1,7.1,63.2,2.1,3.4,0.2,11.6,32.223333333333336,22.5,24.9,37,36,0
2018-10-07,Bengals,Dolphins,21.2,4.7,12.1,0.4,0.8,22.4,37.1,227.8,23.3,106.0,333.8,2.0,14.7,0.3,1.0,1.3,6.7,70.5,2.2,3.1,0.4,11.2,28.358333333333338,22.6,6.4,14.3,0.8,1.6,24.6,38.2,258.7,28.2,128.5,387.2,2.2,14.8,0.2,0.7,0.9,7.6,67.7,2.2,3.6,0.2,11.4,31.641666666666662,24.2,26.8,17,27,1
2018-10-14,Bengals,Steelers,20.6,4.5,12.2,0.4,0.8,22.6,37.3,229.8,22.9,101.1,330.9,2.1,16.1,0.3,1.1,1.4,6.9,71.7,2.0,3.0,0.8,11.3,28.363333333333333,22.2,6.2,14.1,0.7,1.4,24.8,38.5,252.0,27.3,124.4,376.4,2.1,13.2,0.3,0.9,1.2,7.8,69.3,2.1,3.2,0.3,11.6,31.636666666666667,24.3,26.5,28,21,0
2018-10-21,Bengals,Chiefs,20.6,4.4,12.0,0.4,0.8,23.1,37.9,228.8,22.0,94.3,323.1,2.2,16.6,0.3,1.1,1.4,6.2,57.4,2.1,3.0,0.8,11.4,27.851666666666667,22.4,6.6,14.3,0.6,1.3,25.6,39.1,260.7,27.2,126.4,387.1,2.0,12.4,0.3,0.8,1.1,8.0,69.6,2.2,3.3,0.3,11.6,32.14833333333333,24.8,26.6,10,45,1
2018-10-28,Bengals,Buccaneers,20.7,4.5,11.9,0.4,0.7,23.2,37.5,229.8,22.6,93.8,323.6,2.1,15.5,0.2,1.1,1.3,6.3,57.6,2.1,3.1,0.8,11.4,28.294999999999998,22.8,7.1,14.4,0.5,1.2,25.9,39.8,271.0,26.3,123.0,394.0,2.0,10.8,0.3,0.9,1.2,7.8,67.1,2.4,3.5,0.5,11.4,31.704999999999995,22.5,30.4,34,37,1
2018-11-11,Bengals,Saints,22.0,4.9,11.9,0.4,0.6,23.9,38.1,244.7,23.3,103.0,347.7,2.0,15.4,0.2,0.9,1.1,6.2,57.8,2.4,3.4,0.9,11.4,28.28333333333333,23.9,7.7,15.0,0.7,1.4,26.8,42.3,293.8,25.6,123.2,417.0,2.4,11.4,0.3,1.2,1.5,7.8,65.3,2.3,3.5,0.3,11.4,31.71666666666666,25.2,30.7,51,14,0
2018-11-18,Bengals,Ravens,20.5,4.2,11.1,0.5,0.8,22.6,36.3,239.9,21.5,99.8,339.7,2.1,16.2,0.2,1.0,1.2,6.1,54.4,2.3,3.0,0.9,11.2,27.05833333333333,25.7,7.8,14.7,0.7,1.3,27.1,41.5,301.4,28.1,138.9,440.3,2.2,10.0,0.3,1.1,1.4,7.0,58.4,2.7,3.9,0.3,11.3,32.94166666666666,28.6,29.5,21,24,1
2018-11-25,Bengals,Browns,19.8,4.3,11.0,0.4,0.8,22.2,35.6,239.3,20.1,90.0,329.3,2.1,15.7,0.1,1.0,1.1,6.2,54.2,2.3,2.9,0.7,10.8,26.378333333333337,26.1,8.1,14.6,0.6,1.2,25.9,38.7,295.6,30.8,153.8,449.4,2.4,10.5,0.3,1.1,1.4,7.0,56.8,2.6,3.9,0.3,11.0,33.62166666666666,27.6,29.2,35,20,0
2018-12-02,Bengals,Broncos,20.4,4.3,11.4,0.6,1.2,22.8,37.4,240.7,20.1,92.8,333.5,2.0,15.5,0.1,1.0,1.1,6.7,54.4,2.3,3.0,0.5,10.8,26.451666666666664,26.1,7.5,13.9,0.7,1.3,23.9,36.0,290.9,32.1,154.7,445.6,2.2,9.1,0.2,1.0,1.2,7.0,53.8,3.0,4.1,0.3,11.0,33.54833333333333,27.7,28.9,24,10,0
2018-12-09,Bengals,Chargers,20.0,4.3,11.4,0.6,1.2,22.9,36.9,234.4,19.6,93.1,327.5,2.4,18.9,0.3,1.1,1.4,7.0,55.2,2.0,2.7,0.5,10.7,26.401666666666664,24.9,7.3,13.6,0.5,0.9,21.9,32.6,269.3,33.3,169.9,439.2,2.0,8.2,0.2,0.8,1.0,7.0,54.7,2.8,4.0,0.3,11.0,33.598333333333336,27.8,26.5,21,26,1
2018-12-16,Bengals,Raiders,19.4,4.4,11.7,0.6,1.3,21.8,35.0,216.5,21.5,100.9,317.4,2.5,18.6,0.3,0.7,1.0,7.2,55.0,2.0,2.8,0.5,10.6,27.056666666666665,24.3,7.2,13.6,0.6,0.9,22.3,33.1,274.9,31.7,155.4,430.3,2.1,9.6,0.2,0.8,1.0,7.3,56.8,2.7,4.1,0.3,10.9,32.94333333333334,27.8,26.0,16,30,1
2018-12-23,Bengals,Browns,18.2,4.5,12.4,0.6,1.3,20.3,34.2,198.0,23.3,108.1,306.1,2.3,16.4,0.3,0.7,1.0,7.5,58.0,1.9,2.9,0.5,11.0,27.325,23.1,6.4,13.5,0.6,0.8,21.5,33.0,257.5,30.9,153.0,410.5,2.3,11.4,0.4,0.8,1.2,7.1,56.3,2.5,3.8,0.3,11.2,32.675000000000004,25.7,25.4,18,26,1
2018-12-30,Bengals,Steelers,18.0,4.4,12.1,0.7,1.4,19.6,33.1,185.8,23.1,108.0,293.8,2.4,17.1,0.3,0.6,0.9,7.2,54.8,2.0,2.7,0.1,10.9,26.714999999999996,23.7,6.5,13.4,0.6,0.8,22.3,33.3,275.3,31.5,154.8,430.1,2.0,9.8,0.3,0.6,0.9,6.8,53.5,2.8,4.4,0.2,11.0,33.285000000000004,25.8,25.3,13,16,1
2019-09-08,Bengals,Seahawks,17.0,4.1,12.1,0.7,1.5,18.2,31.3,171.6,23.6,114.3,285.9,2.5,17.9,0.3,0.6,0.9,7.5,60.3,1.7,2.5,0.3,10.8,26.77166666666667,22.9,6.2,13.5,0.8,1.0,22.2,33.2,266.2,31.4,150.1,416.3,2.1,10.7,0.3,0.7,1.0,6.8,53.6,2.7,4.3,0.2,11.1,33.22833333333334,24.3,24.8,20,21,1
2019-09-15,Bengals,49ers,17.7,4.3,12.5,0.7,1.5,19.8,33.1,193.7,23.1,111.2,304.9,2.8,18.9,0.6,0.5,1.1,7.4,60.2,1.6,2.6,0.3,10.9,27.726666666666667,20.8,5.7,13.5,0.8,0.9,20.8,31.3,246.9,31.0,137.5,384.4,2.3,13.7,0.4,0.6,1.0,6.8,54.2,2.4,3.8,0.0,11.6,32.27333333333333,25.3,22.4,41,17,0
2019-09-22,Bengals,Bills,17.0,4.7,13.0,0.7,1.5,20.3,33.9,196.4,22.3,99.9,296.3,3.0,19.3,0.6,0.6,1.2,7.7,61.6,1.3,2.5,0.2,10.8,28.093333333333334,20.6,5.2,12.6,0.6,0.7,19.7,28.9,233.1,32.5,150.8,383.9,1.7,11.7,0.4,0.3,0.7,6.6,54.2,2.5,3.9,0.0,11.5,31.906666666666673,26.0,20.4,17,21,1
2019-09-30,Bengals,Steelers,17.4,5.0,13.5,0.6,1.3,20.9,35.2,203.0,22.6,95.5,298.5,2.8,17.9,0.8,0.6,1.4,8.1,64.4,1.4,2.6,0.2,11.1,28.380000000000003,19.8,5.0,12.7,0.5,0.6,19.8,29.8,230.7,31.4,143.9,374.6,1.8,11.9,0.5,0.4,0.9,7.2,59.2,2.2,3.7,0.0,11.8,31.620000000000005,22.6,21.1,3,27,1
2019-10-06,Bengals,Cardinals,17.5,4.8,13.5,0.7,1.5,21.1,35.2,192.5,22.9,98.0,290.5,3.5,24.4,0.9,0.7,1.6,8.2,64.6,1.2,2.7,0.2,11.0,29.218333333333334,19.5,4.5,12.0,0.5,0.6,21.2,31.0,243.1,28.6,123.8,366.9,1.5,10.5,0.6,0.3,0.9,7.1,59.8,2.1,3.5,0.0,11.6,30.781666666666666,20.8,21.4,26,23,0
2019-10-13,Bengals,Ravens,17.1,4.9,13.5,0.5,1.2,21.1,34.4,194.4,23.2,95.9,290.3,3.5,23.2,0.8,0.6,1.4,7.6,61.0,1.1,2.7,0.2,10.9,29.32,19.7,4.6,12.3,0.5,0.6,21.3,31.6,242.1,28.9,142.0,384.1,1.6,11.0,0.6,0.3,0.9,7.6,63.3,1.7,3.6,0.0,11.5,30.68,19.9,21.7,17,23,1
2019-10-20,Bengals,Jaguars,16.9,4.9,13.3,0.5,1.2,20.7,34.6,195.9,22.3,88.1,284.0,3.3,21.6,0.6,0.6,1.2,6.8,53.0,1.2,2.8,0.3,10.6,28.21666666666667,20.7,5.0,12.5,0.5,0.6,22.2,32.8,250.6,29.8,147.1,397.7,1.5,11.0,0.6,0.3,0.9,7.9,65.4,1.7,3.6,0.0,11.3,31.78333333333333,19.2,23.0,27,17,0
2019-10-27,Bengals,Rams,17.1,4.9,13.2,0.5,1.1,21.1,36.2,206.6,21.1,77.0,283.6,3.2,21.5,0.7,0.9,1.6,6.8,54.6,1.2,2.9,0.3,11.0,27.125,21.2,4.9,12.8,0.5,0.7,21.8,33.1,254.7,31.7,160.2,414.9,1.5,10.4,0.6,0.3,0.9,8.4,74.6,1.6,3.8,0.2,11.6,32.875,19.8,22.1,10,24,1
2019-11-10,Bengals,Ravens,17.7,4.7,13.1,0.7,1.5,22.9,38.1,224.0,19.2,70.3,294.3,3.6,24.0,0.7,0.8,1.5,6.5,50.1,1.0,2.7,0.3,10.6,27.065000000000005,21.8,5.3,12.7,0.5,0.7,21.4,32.4,269.0,32.7,163.2,432.2,1.0,7.0,0.4,0.3,0.7,8.5,71.5,1.6,3.8,0.2,11.2,32.934999999999995,19.2,21.5,49,13,0
2019-11-17,Bengals,Raiders,18.3,5.3,13.8,0.7,1.8,23.2,39.2,228.3,20.8,75.8,304.1,3.5,23.1,0.9,0.9,1.8,6.3,49.1,0.9,2.8,0.3,10.7,28.235000000000003,21.5,5.2,12.1,0.5,0.7,20.4,30.8,258.6,32.2,162.2,420.8,1.1,7.0,0.4,0.4,0.8,8.4,69.3,1.6,3.5,0.6,11.1,31.764999999999997,22.3,20.2,10,17,1
2019-11-24,Bengals,Steelers,19.0,5.3,13.9,0.8,1.9,23.3,39.9,228.5,21.2,80.6,309.1,3.6,24.9,1.0,1.0,2.0,5.8,44.6,1.0,2.8,0.1,10.9,28.135,21.7,5.4,12.1,0.4,0.6,19.8,29.2,258.1,33.6,167.0,425.1,1.3,8.0,0.5,0.4,0.9,8.2,66.5,1.7,3.6,0.6,11.2,31.865,22.0,20.3,16,10,0
2019-12-01,Bengals,Jets,17.9,4.9,13.6,0.8,1.8,21.0,37.4,204.8,21.9,85.8,290.6,3.5,26.0,0.9,1.0,1.9,5.8,46.8,1.1,2.7,0.1,11.0,27.085,22.1,5.5,12.5,0.4,0.6,19.7,29.9,260.0,34.9,175.7,435.7,1.2,6.9,0.4,0.5,0.9,8.4,68.7,1.5,3.8,0.6,11.2,32.915000000000006,21.6,19.2,6,22,1
2019-12-08,Bengals,Browns,18.3,4.5,13.2,0.7,1.6,20.6,36.9,199.0,22.5,87.7,286.7,3.2,25.0,0.9,0.9,1.8,5.3,42.3,1.2,2.7,0.1,11.0,27.485000000000003,20.9,5.7,13.3,0.4,0.8,20.7,32.1,249.7,32.4,156.0,405.7,1.6,9.9,0.4,0.4,0.8,8.5,71.8,1.2,3.3,0.6,11.1,32.515,18.1,19.7,19,27,1
2019-12-15,Bengals,Patriots,19.3,4.5,13.3,0.8,1.8,20.9,37.2,202.2,23.7,99.0,301.2,3.2,25.6,0.7,0.8,1.5,5.3,46.8,1.1,3.0,0.1,10.7,28.626666666666665,20.1,5.9,13.2,0.4,0.8,19.5,30.9,244.3,31.5,153.1,397.4,1.6,10.2,0.3,0.5,0.8,8.4,69.3,1.2,3.2,0.8,10.7,31.373333333333335,18.3,20.3,34,13,0
2019-12-22,Bengals,Dolphins,19.6,4.5,13.2,0.8,1.7,20.5,36.6,207.1,25.0,108.1,315.2,2.4,18.7,0.7,1.1,1.8,5.0,43.3,1.2,2.9,0.1,10.9,28.883333333333333,20.0,6.2,13.7,0.4,0.8,18.3,30.7,229.9,32.2,164.0,393.9,1.8,11.4,0.2,0.5,0.7,8.4,68.6,1.2,3.1,1.0,10.9,31.116666666666667,21.4,18.9,35,38,1
2019-12-29,Bengals,Browns,20.0,4.4,13.8,1.1,1.9,21.1,38.4,218.0,25.2,103.2,321.2,2.7,21.2,0.8,1.1,1.9,5.3,45.0,1.3,2.9,0.1,11.5,29.348333333333336,20.3,6.2,14.0,0.3,0.7,19.4,32.7,245.7,31.8,147.0,392.7,1.9,12.2,0.2,0.6,0.8,7.8,63.7,1.5,3.0,1.0,11.4,31.651666666666664,22.3,20.4,23,33,1
2020-09-13,Bengals,Chargers,20.4,4.8,14.1,1.1,1.9,20.6,37.3,214.5,27.7,117.8,332.3,2.6,20.2,0.8,1.1,1.9,5.2,45.0,1.6,3.2,0.0,11.8,30.78666666666667,19.2,5.7,13.8,0.4,0.8,18.5,32.1,246.8,29.5,127.5,374.3,2.4,15.4,0.1,0.9,1.0,7.2,58.9,1.5,3.0,1.0,11.4,30.21333333333333,22.9,21.4,16,13,0
2020-09-17,Bengals,Browns,20.2,4.9,14.3,1.1,1.9,20.7,36.6,206.0,28.5,126.7,332.7,2.7,20.4,0.8,0.9,1.7,5.3,44.4,1.4,2.9,0.0,11.6,31.598333333333336,18.9,5.9,13.8,0.3,0.8,18.6,31.9,243.1,29.0,121.4,364.5,2.4,14.4,0.1,0.9,1.0,6.7,49.4,1.5,2.7,0.8,11.4,29.401666666666664,21.8,21.0,30,35,1
2020-10-04,Bengals,Jaguars,20.8,5.1,14.3,1.2,1.8,21.2,37.5,204.8,28.7,123.1,327.9,2.5,20.3,0.9,0.9,1.8,5.1,44.9,1.5,2.9,0.0,11.6,31.691666666666663,19.3,5.7,13.3,0.4,1.0,18.5,31.1,227.8,29.9,133.1,360.9,2.4,14.4,0.1,1.0,1.1,6.6,51.1,1.8,3.0,0.8,11.5,29.308333333333337,23.8,22.1,25,33,1
2020-10-11,Bengals,Ravens,21.5,4.8,13.9,1.2,1.5,22.1,38.1,219.8,28.1,127.9,347.7,2.4,18.6,0.7,0.9,1.6,5.7,51.7,1.5,3.0,0.0,11.7,31.391666666666662,19.8,5.5,13.7,0.4,1.0,19.4,32.9,237.5,29.6,128.4,365.9,2.6,15.5,0.1,1.0,1.1,6.7,52.5,1.7,3.2,0.4,11.7,29.608333333333338,21.4,24.1,3,27,1
2020-10-18,Bengals,Colts,21.1,4.8,14.2,1.3,1.6,22.7,38.0,226.0,28.7,117.6,343.6,2.6,19.2,0.8,0.9,1.7,5.8,51.7,1.4,3.0,0.0,11.8,32.39333333333333,19.5,5.5,13.7,0.3,1.0,18.8,33.7,227.3,28.6,133.2,360.5,2.4,14.5,0.0,1.0,1.0,6.4,50.8,1.7,3.0,0.6,11.7,28.606666666666666,20.7,25.1,27,31,1
2020-10-25,Bengals,Browns,22.2,5.4,14.7,1.5,1.8,24.0,39.3,240.2,29.8,118.8,359.0,2.4,17.1,0.6,1.0,1.6,5.7,45.8,1.6,3.1,0.0,11.6,33.306666666666665,20.2,5.7,13.2,0.3,1.0,20.4,35.4,246.5,26.3,123.2,369.7,2.2,12.1,0.1,1.0,1.1,6.0,48.6,2.1,3.0,0.6,11.4,27.693333333333335,21.8,27.2,37,34,0
2020-11-01,Bengals,Titans,23.5,5.5,14.2,1.6,1.9,25.4,40.4,255.6,29.4,122.5,378.1,2.7,19.6,0.7,1.1,1.8,6.2,48.8,1.8,3.5,0.0,11.3,33.43333333333333,21.0,5.5,12.2,0.3,0.8,19.9,33.5,257.2,26.8,125.2,382.4,1.8,9.1,0.1,1.1,1.2,5.5,42.0,2.5,3.4,0.6,11.2,27.56666666666667,24.9,28.4,20,31,1
2020-11-15,Bengals,Steelers,23.5,6.2,14.5,1.6,1.8,25.7,40.2,253.3,29.5,116.4,369.7,2.5,18.0,0.7,1.0,1.7,6.1,43.4,2.1,3.5,0.0,11.1,33.57666666666667,22.0,5.3,11.9,0.4,0.9,20.6,34.1,260.8,27.0,132.4,393.2,1.8,9.6,0.1,1.0,1.1,5.6,45.8,2.6,3.5,0.4,11.2,27.423333333333336,25.0,28.8,10,36,1
2020-11-22,Bengals,Commanders,23.2,5.8,14.5,1.7,1.9,26.1,41.1,256.7,28.4,113.9,370.6,2.9,20.8,0.8,0.6,1.4,6.2,47.4,2.1,3.5,0.0,11.3,33.25,22.3,5.3,12.1,0.4,0.8,21.8,35.8,282.5,25.8,119.3,401.8,1.6,8.4,0.1,1.0,1.1,5.8,47.3,2.9,3.9,0.2,11.4,27.75,22.6,31.1,9,20,1
2020-11-29,Bengals,Giants,22.5,5.7,14.0,1.4,1.8,25.3,39.9,239.8,27.7,115.0,354.8,2.9,21.4,0.8,0.7,1.5,5.5,42.8,2.0,3.5,0.0,11.0,32.81333333333333,21.4,5.1,11.8,0.4,0.8,20.4,33.1,258.0,25.8,126.1,384.1,1.6,7.6,0.1,1.0,1.1,5.8,47.5,2.7,3.8,0.2,11.1,27.186666666666667,20.0,29.3,19,17,0
2020-12-06,Bengals,Dolphins,21.4,5.1,13.6,1.5,1.9,25.4,40.0,233.1,25.3,101.1,334.2,3.0,22.7,1.0,0.7,1.7,5.5,43.5,1.7,3.1,0.1,11.0,31.60166666666667,21.8,5.6,12.6,0.6,1.0,21.4,34.2,258.5,28.0,132.9,391.4,1.0,3.6,0.2,0.7,0.9,5.9,49.3,2.7,3.9,0.2,11.2,28.398333333333333,19.6,27.7,7,19,1
2020-12-13,Bengals,Cowboys,20.7,4.8,13.4,1.7,2.1,24.8,39.1,231.4,24.2,92.9,324.3,3.3,24.4,0.9,0.8,1.7,5.4,45.3,1.7,3.1,0.1,10.8,31.39166666666667,22.2,5.1,12.0,0.7,0.9,22.4,35.1,267.4,26.9,128.4,395.8,0.8,3.5,0.3,0.7,1.0,6.1,51.2,2.7,4.0,0.2,11.0,28.60833333333333,18.7,28.3,30,7,0
2020-12-21,Bengals,Steelers,19.5,4.9,13.2,1.3,2.0,23.9,36.8,223.7,24.8,96.2,319.9,3.2,22.7,1.1,0.8,1.9,5.3,43.3,1.6,3.0,0.1,10.8,31.495000000000005,21.5,5.1,12.3,0.7,0.8,22.4,35.1,262.6,25.9,117.0,379.6,1.0,4.9,0.3,0.6,0.9,5.8,46.6,2.5,3.9,0.4,10.8,28.504999999999995,18.7,25.5,17,27,1
2020-12-27,Bengals,Texans,18.0,4.9,13.5,1.2,1.9,22.1,34.5,201.5,25.5,90.9,292.4,3.3,23.8,1.1,0.7,1.8,4.8,37.6,1.7,3.0,0.1,11.1,31.381666666666668,20.2,5.3,12.9,0.7,0.9,21.7,34.9,244.4,26.2,116.7,361.1,0.8,5.0,0.5,0.6,1.1,5.6,44.7,2.4,3.6,0.4,11.2,28.61833333333333,17.9,24.9,37,31,0
2021-01-03,Bengals,Ravens,19.5,5.2,13.2,1.1,1.8,23.1,35.3,225.1,26.0,100.8,325.9,2.6,19.0,0.9,0.6,1.5,4.8,37.1,1.9,3.3,0.1,11.0,31.53333333333333,20.8,5.0,12.3,0.7,0.8,22.2,34.5,259.5,25.5,117.2,376.7,0.8,4.3,0.6,0.5,1.1,5.8,46.8,2.4,3.7,0.2,11.1,28.46666666666667,21.3,25.3,38,3,0
2021-09-12,Bengals,Vikings,18.3,4.5,12.4,0.9,1.6,21.2,33.5,199.9,24.7,105.7,305.6,2.4,17.7,0.9,0.7,1.6,4.5,38.0,1.6,3.1,0.1,11.0,30.035000000000004,20.9,5.4,12.9,0.8,1.0,20.4,32.0,234.5,29.4,151.7,386.2,0.7,4.3,0.5,0.5,1.0,5.8,46.2,2.3,3.7,0.2,11.1,29.964999999999996,22.4,22.5,24,27,1
2021-09-19,Bengals,Bears,17.2,4.2,12.9,1.0,1.8,19.6,31.4,182.9,26.2,112.5,295.4,2.5,18.6,0.8,0.6,1.4,4.1,35.0,1.4,2.7,0.1,11.4,30.225,21.0,5.5,13.8,1.0,1.2,21.8,34.1,236.5,29.4,150.2,386.7,1.0,6.9,0.6,0.4,1.0,6.5,53.8,2.1,3.5,0.2,11.5,30.774999999999995,21.1,21.8,17,20,1
2021-09-26,Bengals,Steelers,15.9,3.8,12.7,0.9,1.8,18.9,30.7,175.9,25.0,107.6,283.5,3.0,21.4,0.9,0.9,1.8,3.8,36.2,1.1,2.3,0.1,11.7,29.494999999999997,19.9,5.6,14.4,0.9,1.2,21.5,33.5,222.5,29.9,140.7,363.2,1.2,9.2,0.6,0.4,1.0,6.6,54.0,1.9,3.4,0.3,11.6,31.505000000000003,20.8,20.7,24,10,0
2021-09-30,Bengals,Jaguars,15.5,4.1,12.3,0.7,1.5,18.2,28.5,174.6,25.3,103.3,277.9,2.6,18.6,0.7,1.0,1.7,4.2,38.6,1.2,2.3,0.1,11.5,29.005000000000003,19.8,5.9,14.7,0.9,1.4,22.6,34.7,218.9,29.4,140.8,359.7,1.6,11.3,0.6,0.6,1.2,7.0,56.8,1.6,3.2,0.3,11.3,31.994999999999997,22.2,18.1,21,24,1
2021-10-10,Bengals,Packers,15.8,4.3,11.9,0.7,1.3,18.2,27.3,188.6,25.7,104.1,292.7,2.3,16.1,0.6,0.9,1.5,4.5,39.3,1.2,2.2,0.1,11.2,29.206666666666667,19.9,6.1,14.6,1.0,1.6,22.6,34.6,223.0,29.0,138.3,361.3,1.5,11.0,0.6,0.5,1.1,6.6,52.9,1.7,3.2,0.3,10.9,31.793333333333333,23.4,18.5,25,22,0
2021-10-17,Bengals,Lions,16.5,4.5,12.3,0.8,1.4,19.1,28.2,203.5,26.6,110.4,313.9,2.4,15.7,0.4,1.0,1.4,4.4,38.7,1.3,2.3,0.0,11.2,30.359999999999996,20.1,5.6,13.6,0.7,1.3,23.1,34.7,231.9,27.0,137.4,369.3,1.7,12.1,0.5,0.6,1.1,6.3,48.8,1.8,3.4,0.3,11.0,31.448333333333334,24.0,19.0,34,11,0
2021-10-24,Bengals,Ravens,17.3,5.0,12.6,0.8,1.4,19.4,28.5,213.5,28.5,120.6,334.1,2.0,14.2,0.4,0.9,1.3,4.2,35.6,1.5,2.4,0.0,11.3,31.17333333333333,19.3,6.0,14.0,0.7,1.4,23.3,35.0,221.5,26.0,130.0,351.5,1.8,13.1,0.4,0.7,1.1,6.4,51.1,1.8,3.2,0.3,10.9,30.635,26.7,18.2,41,17,0
2021-10-31,Bengals,Jets,17.4,4.5,12.3,0.8,1.2,18.9,28.5,233.6,27.9,121.6,355.2,1.9,13.5,0.1,1.0,1.1,4.0,33.6,1.4,2.3,0.0,11.7,30.52333333333333,19.7,6.0,14.5,0.7,1.7,23.7,36.9,232.2,25.9,131.4,363.6,2.1,13.5,0.4,0.7,1.1,6.4,52.7,1.7,2.9,0.1,11.5,31.285000000000004,27.8,19.2,31,34,1
2021-11-07,Bengals,Browns,17.9,4.5,11.9,0.8,1.3,20.4,30.7,253.5,25.4,110.5,364.0,2.0,15.2,0.1,1.1,1.2,4.3,37.1,1.6,2.5,0.0,11.5,29.683333333333337,21.7,6.2,14.0,0.6,1.5,25.6,38.0,257.8,26.3,132.5,390.3,2.2,13.1,0.3,0.8,1.1,6.8,54.3,2.0,3.3,0.1,11.3,32.125,29.2,19.9,41,16,0
2021-11-21,Bengals,Raiders,17.7,4.2,11.7,0.7,1.3,20.4,31.1,242.7,24.4,102.1,344.8,2.5,17.7,0.2,1.3,1.5,4.2,36.7,1.6,2.5,0.0,11.6,29.60333333333333,20.8,6.1,14.0,0.6,1.5,24.6,36.8,246.4,26.9,131.2,377.6,2.3,13.9,0.2,0.8,1.0,7.2,58.1,2.0,3.4,0.2,11.3,32.205,29.6,18.4,32,13,0
2021-11-28,Bengals,Steelers,19.0,4.9,12.4,0.7,1.3,21.8,31.9,250.8,26.3,103.3,354.1,2.8,19.6,0.3,1.1,1.4,4.0,34.3,1.8,2.6,0.0,11.5,31.388333333333332,19.7,5.1,13.0,0.5,1.3,25.4,37.6,254.9,23.3,98.0,352.9,2.5,14.8,0.3,0.8,1.1,7.3,60.9,1.8,3.3,0.2,11.3,30.419999999999998,29.0,19.4,10,41,1
2021-12-05,Bengals,Chargers,19.5,5.1,12.1,0.6,1.1,21.8,31.7,246.3,26.5,108.2,354.5,2.5,17.0,0.3,1.2,1.5,4.0,34.6,1.9,2.7,0.1,11.2,31.436666666666667,18.9,5.2,12.7,0.3,1.1,24.1,36.7,246.3,22.6,96.4,342.7,2.5,13.5,0.3,1.0,1.3,6.5,52.3,1.7,3.2,0.2,11.2,29.37166666666667,27.6,20.8,41,22,0
2021-12-12,Bengals,49ers,20.2,5.1,12.0,0.6,1.1,22.3,32.7,254.4,27.0,110.9,365.3,2.6,18.2,0.4,1.1,1.5,4.3,35.2,2.0,2.9,0.1,11.6,31.695,19.1,5.0,12.5,0.4,1.1,25.2,37.8,266.4,21.4,92.0,358.4,2.6,13.5,0.5,1.0,1.5,6.4,50.4,1.9,3.2,0.2,11.5,29.113333333333333,30.0,21.0,26,23,0
2021-12-19,Bengals,Broncos,21.2,5.2,12.4,0.7,1.2,23.4,34.3,268.3,27.2,109.9,378.2,3.1,21.9,0.6,1.0,1.6,3.5,28.2,1.9,3.2,0.1,11.5,32.660000000000004,19.1,4.6,12.1,0.4,0.9,24.1,36.1,262.2,22.2,97.5,359.7,2.7,15.5,0.5,0.8,1.3,6.0,47.1,2.0,3.3,0.2,11.7,28.96,30.2,22.3,15,10,0
2021-12-26,Bengals,Ravens,20.3,5.1,12.8,0.7,1.2,22.4,33.3,247.7,27.6,113.4,361.1,3.3,23.4,0.6,1.0,1.6,3.5,28.2,1.8,3.2,0.1,11.8,32.266666666666666,18.9,4.7,12.5,0.3,0.8,24.2,37.1,257.9,22.6,96.9,354.8,2.9,18.0,0.6,0.8,1.4,6.4,52.1,1.7,3.0,0.2,12.0,29.35333333333333,29.6,20.9,21,41,1
2022-01-02,Bengals,Chiefs,21.8,5.1,12.4,0.7,1.2,23.5,34.1,271.1,27.3,110.8,381.9,3.3,24.4,0.6,0.8,1.4,3.8,30.6,2.0,3.7,0.1,11.5,32.56166666666667,18.9,4.9,12.5,0.3,0.9,24.3,37.2,254.1,22.0,87.5,341.6,2.8,17.8,0.6,0.8,1.4,6.8,53.8,1.8,2.8,0.2,11.6,28.25,29.2,22.8,31,34,1
2022-01-09,Bengals,Browns,22.1,4.7,11.9,0.6,1.1,24.5,35.1,287.0,25.6,102.6,389.6,3.5,25.3,0.6,0.7,1.3,3.9,33.7,2.0,3.8,0.1,11.3,31.885,19.7,5.0,12.2,0.3,0.8,24.1,36.5,260.8,22.5,99.4,360.2,2.7,16.8,0.6,0.7,1.3,6.9,54.4,2.0,3.0,0.2,11.5,28.926666666666666,28.9,25.1,16,21,1
2022-09-11,Bengals,Steelers,21.3,4.8,12.0,0.6,1.0,23.7,34.2,256.4,25.0,99.4,355.8,3.8,27.9,0.6,0.6,1.2,4.2,36.4,2.1,3.8,0.2,10.9,31.701666666666664,20.1,5.1,11.8,0.2,0.5,23.8,34.7,250.1,24.2,108.4,358.5,2.3,15.5,0.7,0.8,1.5,6.8,54.4,2.1,3.3,0.2,11.2,29.109999999999996,26.4,25.5,23,20,0
2022-09-18,Bengals,Cowboys,22.7,5.2,12.6,0.7,1.2,24.8,36.0,258.6,26.8,108.6,367.2,4.2,29.0,0.7,0.9,1.6,4.1,34.0,1.9,3.7,0.2,11.1,33.70666666666666,18.2,4.9,12.2,0.2,0.5,22.0,33.6,227.9,23.7,106.2,334.1,2.2,14.9,0.6,0.6,1.2,6.8,55.7,1.8,2.9,0.3,11.5,28.105,25.6,24.1,17,20,1
2022-09-25,Bengals,Jets,22.1,5.5,13.2,0.8,1.1,24.3,35.4,248.8,27.0,109.0,357.8,4.3,29.9,0.6,0.7,1.3,4.4,34.4,1.8,3.4,0.2,10.9,33.55,18.7,4.9,12.3,0.3,0.6,22.5,34.6,230.1,24.1,101.6,331.7,2.1,14.4,0.7,0.6,1.3,6.3,51.8,1.8,2.7,0.2,11.4,28.261666666666667,23.2,24.5,27,12,0
2022-09-29,Bengals,Dolphins,21.8,5.4,13.0,0.8,1.2,24.6,36.1,262.0,26.0,100.0,362.0,4.2,29.4,0.6,0.7,1.3,4.8,36.9,1.8,3.6,0.2,11.1,33.056666666666665,19.3,5.5,13.4,0.3,0.9,23.4,37.1,234.7,24.3,102.0,336.7,2.3,16.8,0.8,0.7,1.5,6.0,49.6,1.7,2.6,0.2,11.5,28.754999999999995,22.7,24.4,15,27,1
2022-10-09,Bengals,Ravens,20.9,5.7,13.4,0.7,1.2,24.7,36.8,275.2,25.2,86.9,362.1,4.1,28.2,0.6,0.6,1.2,5.1,42.5,1.7,3.5,0.1,11.3,32.681666666666665,19.7,5.0,13.1,0.3,1.0,23.2,36.7,239.0,25.0,105.4,344.4,2.1,16.5,0.7,0.7,1.4,6.2,50.7,1.7,2.8,0.2,11.4,29.130000000000003,23.2,23.0,17,19,1
2022-10-16,Bengals,Saints,20.8,5.5,13.2,0.7,1.2,24.7,36.3,268.2,24.8,87.4,355.6,3.8,26.9,0.4,0.5,0.9,4.8,38.2,1.7,3.5,0.1,10.7,32.559999999999995,20.1,5.1,12.9,0.2,1.0,22.5,36.4,227.6,25.6,113.0,340.6,1.8,13.6,0.5,0.7,1.2,6.1,50.4,1.5,2.8,0.1,11.1,29.251666666666665,20.8,22.7,30,26,0
2022-10-23,Bengals,Falcons,20.7,5.7,12.9,0.6,1.1,25.0,36.6,264.4,23.6,86.3,350.7,3.6,25.9,0.3,0.5,0.8,4.9,39.3,1.9,3.3,0.1,10.6,31.90833333333333,20.2,5.4,13.1,0.2,1.1,21.7,35.9,219.2,26.7,125.8,345.0,1.4,10.2,0.5,0.7,1.2,5.9,49.8,1.4,2.9,0.1,10.8,29.09166666666666,21.2,23.0,17,35,1
2022-10-31,Bengals,Browns,22.4,6.0,12.7,0.6,1.2,26.9,38.6,296.7,23.1,82.8,379.5,3.6,26.0,0.3,0.5,0.8,4.8,37.2,2.1,3.4,0.1,10.3,32.485,19.6,5.1,12.5,0.2,1.0,20.7,33.8,214.0,26.2,123.2,337.2,1.4,9.2,0.4,0.7,1.1,5.6,46.0,1.5,2.9,0.1,10.6,28.514999999999997,21.4,25.5,13,32,1
2022-11-06,Bengals,Panthers,20.6,5.9,12.7,0.4,1.1,25.7,37.5,266.2,22.0,78.7,344.9,3.8,27.2,0.4,0.6,1.0,4.5,33.3,1.8,2.8,0.1,10.4,31.105,19.9,5.3,12.7,0.2,0.9,19.6,32.1,211.3,29.0,136.5,347.8,1.5,9.3,0.5,0.7,1.2,5.6,48.9,1.6,3.1,0.1,10.8,29.895,20.6,24.6,21,42,1
2022-11-20,Bengals,Steelers,21.3,6.1,12.7,0.3,1.0,25.2,36.6,247.0,24.0,96.8,343.8,3.6,24.6,0.4,0.6,1.0,4.5,30.6,2.2,3.1,0.1,10.6,32.13,18.9,4.9,12.4,0.2,0.9,18.7,31.6,201.8,28.5,127.4,329.2,1.5,9.3,0.6,0.9,1.5,5.3,45.6,1.6,3.0,0.1,11.0,28.870000000000005,19.6,25.4,37,30,0
2022-11-27,Bengals,Titans,22.4,5.9,12.2,0.2,0.9,26.1,37.6,271.3,24.6,95.1,366.4,3.4,22.2,0.4,0.8,1.2,4.7,31.8,2.4,3.2,0.0,11.0,32.655,18.2,5.1,12.9,0.2,0.9,19.5,33.4,209.6,26.8,117.1,326.7,1.6,10.4,0.5,0.8,1.3,5.7,48.0,1.7,3.1,0.1,11.2,28.345,21.7,26.3,20,16,0
2022-12-04,Bengals,Chiefs,21.3,5.6,12.0,0.1,0.6,25.0,36.0,268.0,24.0,92.6,360.6,2.8,18.7,0.3,0.4,0.7,5.2,37.1,2.3,3.0,0.0,10.8,31.461666666666666,18.4,5.4,13.0,0.2,0.9,19.6,33.0,218.5,26.7,115.9,334.4,1.6,11.2,0.5,0.8,1.3,5.7,47.8,1.6,3.2,0.0,10.7,28.538333333333334,21.4,25.9,24,27,1
2022-12-11,Bengals,Browns,22.0,5.7,11.4,0.0,0.6,25.1,35.5,279.4,24.9,98.9,378.3,2.3,16.0,0.3,0.4,0.7,5.1,40.1,2.5,3.6,0.0,10.6,31.291666666666668,18.5,5.7,13.1,0.3,1.0,19.3,32.6,216.6,26.5,119.0,335.6,1.7,11.9,0.5,0.8,1.3,5.6,46.8,1.7,3.4,0.0,10.5,28.708333333333332,22.1,26.6,10,23,1
2022-12-18,Bengals,Buccaneers,22.3,5.6,11.5,0.0,0.5,24.6,35.2,276.0,24.7,105.6,381.6,2.3,15.8,0.2,0.5,0.7,5.0,40.7,2.5,3.5,0.0,10.5,30.865,18.4,5.4,12.8,0.6,1.3,19.1,31.7,218.7,27.0,118.5,337.2,1.5,8.9,0.3,0.7,1.0,6.1,51.1,1.8,3.5,0.0,10.4,29.135,20.4,27.7,34,23,0
2022-12-24,Bengals,Patriots,22.7,5.3,11.3,0.0,0.4,25.2,35.9,264.0,23.8,104.2,368.2,2.4,16.8,0.2,0.6,0.8,4.8,36.0,2.7,3.7,0.0,10.5,30.648333333333333,18.9,5.6,13.0,0.8,1.5,19.9,32.4,219.8,27.3,119.2,339.0,1.5,8.7,0.5,0.7,1.2,6.2,52.8,2.0,3.6,0.0,10.4,29.351666666666667,22.3,27.3,22,18,0
2023-01-08,Bengals,Ravens,23.5,5.7,11.9,0.1,0.4,26.8,37.6,281.9,24.1,101.4,383.3,2.3,14.7,0.3,0.7,1.0,5.2,40.2,2.7,3.8,0.0,10.8,31.32666666666667,18.2,5.7,13.2,0.8,1.5,20.1,32.5,225.2,26.1,109.8,335.0,1.8,9.9,0.6,0.6,1.2,6.6,56.2,2.0,3.5,0.1,10.5,28.673333333333336,22.8,27.2,16,27,1
